[
  {
    "theater_name": "AMC Marina Pacifica 12",
    "address": "6346 E. Pacific Coast Hwy.\nLong Beach, CA 90803",
    "movies": [
      {
        "title": "Fackham Hall (2025)",
        "showtimes": [
          "2025-12-10T12:35"
        ]
      },
      {
        "title": "Five Nights at Freddy's 2 (2025)",
        "showtimes": [
          "2025-12-10T13:00",
          "2025-12-10T15:15",
          "2025-12-10T16:00",
          "2025-12-10T18:15",
          "2025-12-10T19:00",
          "2025-12-10T21:15",
          "2025-12-10T21:55"
        ]
      },
      {
        "title": "JUJUTSU KAISEN: Execution (2025)",
        "showtimes": [
          "2025-12-10T12:00",
          "2025-12-10T22:05",
          "2025-12-10T14:30",
          "2025-12-10T17:00",
          "2025-12-10T19:35"
        ]
      },
      {
        "title": "Kill Bill: The Whole Bloody Affair",
        "showtimes": [
          "2025-12-10T13:00",
          "2025-12-10T19:00"
        ]
      },
      {
        "title": "Eternity (2025)",
        "showtimes": [
          "2025-12-10T13:15",
          "2025-12-10T16:10",
          "2025-12-10T19:05",
          "2025-12-10T22:05"
        ]
      },
      {
        "title": "Hamnet (2025)",
        "showtimes": [
          "2025-12-10T12:10",
          "2025-12-10T15:35",
          "2025-12-10T19:10",
          "2025-12-10T22:15"
        ]
      },
      {
        "title": "Zootopia 2 (2025)",
        "showtimes": [
          "2025-12-10T12:15",
          "2025-12-10T15:30",
          "2025-12-10T18:35",
          "2025-12-10T13:30",
          "2025-12-10T16:30",
          "2025-12-10T19:25",
          "2025-12-10T21:40"
        ]
      },
      {
        "title": "Rental Family (2025)",
        "showtimes": [
          "2025-12-10T13:40",
          "2025-12-10T16:30",
          "2025-12-10T19:25",
          "2025-12-10T22:15"
        ]
      },
      {
        "title": "Wicked: For Good (2025)",
        "showtimes": [
          "2025-12-10T12:15",
          "2025-12-10T22:05",
          "2025-12-10T11:30",
          "2025-12-10T15:00",
          "2025-12-10T15:45",
          "2025-12-10T18:30"
        ]
      },
      {
        "title": "Now You See Me: Now You Don't (2025)",
        "showtimes": [
          "2025-12-10T13:35",
          "2025-12-10T16:30",
          "2025-12-10T19:30",
          "2025-12-10T22:15"
        ]
      },
      {
        "title": "Predator: Badlands (2025)",
        "showtimes": [
          "2025-12-10T22:15"
        ]
      },
      {
        "title": "A Christmas Story (1983)",
        "showtimes": [
          "2025-12-10T18:30"
        ]
      },
      {
        "title": "Five Nights at Freddy's 2 (2025)",
        "showtimes": [
          "2025-12-10T14:30",
          "2025-12-10T17:10",
          "2025-12-10T19:50",
          "2025-12-10T22:30",
          "2025-12-10T11:00",
          "2025-12-10T12:40",
          "2025-12-10T13:40",
          "2025-12-10T15:20",
          "2025-12-10T16:20",
          "2025-12-10T18:00",
          "2025-12-10T19:00",
          "2025-12-10T20:40",
          "2025-12-10T21:10",
          "2025-12-10T21:50",
          "2025-12-10T22:45",
          "2025-12-10T23:00"
        ]
      },
      {
        "title": "JUJUTSU KAISEN: Execution (2025)",
        "showtimes": [
          "2025-12-10T11:25",
          "2025-12-10T16:15",
          "2025-12-10T18:45",
          "2025-12-10T13:50",
          "2025-12-10T21:25"
        ]
      },
      {
        "title": "Eternity (2025)",
        "showtimes": [
          "2025-12-10T11:45",
          "2025-12-10T15:35",
          "2025-12-10T21:20"
        ]
      },
      {
        "title": "Zootopia 2 (2025)",
        "showtimes": [
          "2025-12-10T12:15",
          "2025-12-10T14:55",
          "2025-12-10T20:45",
          "2025-12-10T12:15",
          "2025-12-10T14:55",
          "2025-12-10T20:45",
          "2025-12-10T17:50",
          "2025-12-10T17:50",
          "2025-12-10T11:00",
          "2025-12-10T13:45",
          "2025-12-10T11:40",
          "2025-12-10T13:00",
          "2025-12-10T14:25",
          "2025-12-10T15:45",
          "2025-12-10T16:30",
          "2025-12-10T17:10",
          "2025-12-10T18:30",
          "2025-12-10T19:15",
          "2025-12-10T19:55",
          "2025-12-10T22:00"
        ]
      },
      {
        "title": "Wicked: For Good (2025)",
        "showtimes": [
          "2025-12-10T11:15",
          "2025-12-10T14:35",
          "2025-12-10T17:45",
          "2025-12-10T21:00",
          "2025-12-10T11:50",
          "2025-12-10T14:00",
          "2025-12-10T14:35",
          "2025-12-10T17:15",
          "2025-12-10T17:45",
          "2025-12-10T20:30",
          "2025-12-10T21:00"
        ]
      },
      {
        "title": "Now You See Me: Now You Don't (2025)",
        "showtimes": [
          "2025-12-10T12:55",
          "2025-12-10T15:40",
          "2025-12-10T18:25",
          "2025-12-10T20:55"
        ]
      },
      {
        "title": "The Running Man (2025)",
        "showtimes": [
          "2025-12-10T12:20",
          "2025-12-10T15:30",
          "2025-12-10T18:40",
          "2025-12-10T21:55"
        ]
      },
      {
        "title": "Predator: Badlands (2025)",
        "showtimes": [
          "2025-12-10T11:15",
          "2025-12-10T11:55",
          "2025-12-10T14:40",
          "2025-12-10T17:25",
          "2025-12-10T20:10"
        ]
      },
      {
        "title": "REBBECA: Becky G (2025)",
        "showtimes": [
          "2025-12-10T18:00"
        ]
      },
      {
        "title": "Rolling Stones - At the Max (2025)",
        "showtimes": [
          "2025-12-10T19:00",
          "2025-12-10T21:30"
        ]
      },
      {
        "title": "André Rieu's 2025 Christmas Concert: Merry Christmas",
        "showtimes": [
          "2025-12-10T19:00"
        ]
      },
      {
        "title": "100 Nights of Hero (2025)",
        "showtimes": [
          "2025-12-10T11:00"
        ]
      },
      {
        "title": "Dhurandhar (2025)",
        "showtimes": [
          "2025-12-10T21:25",
          "2025-12-10T12:15",
          "2025-12-10T16:50",
          "2025-12-10T21:25"
        ]
      },
      {
        "title": "Fackham Hall (2025)",
        "showtimes": [
          "2025-12-10T11:10",
          "2025-12-10T13:55",
          "2025-12-10T16:40",
          "2025-12-10T19:25",
          "2025-12-10T22:40"
        ]
      },
      {
        "title": "Five Nights at Freddy's 2 (2025)",
        "showtimes": [
          "2025-12-10T11:05",
          "2025-12-10T12:05",
          "2025-12-10T13:05",
          "2025-12-10T13:50",
          "2025-12-10T14:40",
          "2025-12-10T15:45",
          "2025-12-10T16:35",
          "2025-12-10T18:25",
          "2025-12-10T19:20",
          "2025-12-10T21:05",
          "2025-12-10T22:10",
          "2025-12-10T22:45"
        ]
      },
      {
        "title": "JUJUTSU KAISEN: Execution (2025)",
        "showtimes": [
          "2025-12-10T18:30",
          "2025-12-10T12:20",
          "2025-12-10T17:20",
          "2025-12-10T22:20",
          "2025-12-10T14:50",
          "2025-12-10T19:50"
        ]
      },
      {
        "title": "Kill Bill: The Whole Bloody Affair",
        "showtimes": [
          "2025-12-10T11:25",
          "2025-12-10T17:10",
          "2025-12-10T20:10"
        ]
      },
      {
        "title": "Merrily We Roll Along (2025)",
        "showtimes": [
          "2025-12-10T19:00"
        ]
      },
      {
        "title": "Eternity (2025)",
        "showtimes": [
          "2025-12-10T12:40",
          "2025-12-10T15:20",
          "2025-12-10T18:05",
          "2025-12-10T20:55"
        ]
      },
      {
        "title": "Hamnet (2025)",
        "showtimes": [
          "2025-12-10T11:20",
          "2025-12-10T14:25",
          "2025-12-10T17:35",
          "2025-12-10T20:40"
        ]
      },
      {
        "title": "Zootopia 2 (2025)",
        "showtimes": [
          "2025-12-10T13:20",
          "2025-12-10T16:20",
          "2025-12-10T14:20",
          "2025-12-10T17:05",
          "2025-12-10T19:45",
          "2025-12-10T22:25",
          "2025-12-10T11:50",
          "2025-12-10T12:55",
          "2025-12-10T18:30",
          "2025-12-10T12:10",
          "2025-12-10T14:55",
          "2025-12-10T15:40",
          "2025-12-10T17:40",
          "2025-12-10T21:10"
        ]
      },
      {
        "title": "Rental Family (2025)",
        "showtimes": [
          "2025-12-10T13:15",
          "2025-12-10T16:00",
          "2025-12-10T22:25"
        ]
      },
      {
        "title": "Sisu: Road to Revenge (2025)",
        "showtimes": [
          "2025-12-10T16:10",
          "2025-12-10T21:55"
        ]
      },
      {
        "title": "Wicked: For Good (2025)",
        "showtimes": [
          "2025-12-10T11:00",
          "2025-12-10T14:45",
          "2025-12-10T22:30",
          "2025-12-10T14:00",
          "2025-12-10T11:15",
          "2025-12-10T12:00",
          "2025-12-10T15:15",
          "2025-12-10T17:30",
          "2025-12-10T18:45",
          "2025-12-10T20:45",
          "2025-12-10T22:00",
          "2025-12-10T14:30",
          "2025-12-10T18:00",
          "2025-12-10T21:30"
        ]
      },
      {
        "title": "Now You See Me: Now You Don't (2025)",
        "showtimes": [
          "2025-12-10T13:10",
          "2025-12-10T16:05",
          "2025-12-10T18:55",
          "2025-12-10T21:50"
        ]
      },
      {
        "title": "The Running Man (2025)",
        "showtimes": [
          "2025-12-10T13:00",
          "2025-12-10T18:50"
        ]
      },
      {
        "title": "Nuremberg (2025)",
        "showtimes": [
          "2025-12-10T11:35",
          "2025-12-10T15:10",
          "2025-12-10T18:35",
          "2025-12-10T22:20"
        ]
      },
      {
        "title": "Predator: Badlands (2025)",
        "showtimes": [
          "2025-12-10T11:05",
          "2025-12-10T13:45",
          "2025-12-10T16:30"
        ]
      },
      {
        "title": "Chainsaw Man - The Movie: Reze Arc (2025)",
        "showtimes": [
          "2025-12-10T13:25",
          "2025-12-10T16:05",
          "2025-12-10T18:40",
          "2025-12-10T21:20"
        ]
      },
      {
        "title": "Black Phone 2 (2025)",
        "showtimes": [
          "2025-12-10T22:05"
        ]
      },
      {
        "title": "One Battle After Another (2025)",
        "showtimes": [
          "2025-12-10T12:45",
          "2025-12-10T20:20"
        ]
      },
      {
        "title": "Demon Slayer: Kimetsu no Yaiba Infinity Castle (2025)",
        "showtimes": [
          "2025-12-10T16:25",
          "2025-12-10T22:40"
        ]
      },
      {
        "title": "Sentimental Value (2025)",
        "showtimes": [
          "2025-12-10T11:30"
        ]
      },
      {
        "title": "The Christmas Chronicles (2018)",
        "showtimes": [
          "2025-12-10T15:25",
          "2025-12-10T18:25"
        ]
      },
      {
        "title": "Fackham Hall (2025)",
        "showtimes": [
          "2025-12-10T11:35",
          "2025-12-10T14:05",
          "2025-12-10T16:35",
          "2025-12-10T19:05",
          "2025-12-10T21:35"
        ]
      },
      {
        "title": "Five Nights at Freddy's 2 (2025)",
        "showtimes": [
          "2025-12-10T11:25",
          "2025-12-10T12:50",
          "2025-12-10T14:00",
          "2025-12-10T15:25",
          "2025-12-10T16:35",
          "2025-12-10T18:10",
          "2025-12-10T19:10",
          "2025-12-10T20:45",
          "2025-12-10T21:45"
        ]
      },
      {
        "title": "Kill Bill: The Whole Bloody Affair",
        "showtimes": [
          "2025-12-10T13:55",
          "2025-12-10T19:20"
        ]
      },
      {
        "title": "Eternity (2025)",
        "showtimes": [
          "2025-12-10T11:05",
          "2025-12-10T13:50",
          "2025-12-10T16:35",
          "2025-12-10T19:20",
          "2025-12-10T22:05"
        ]
      },
      {
        "title": "Zootopia 2 (2025)",
        "showtimes": [
          "2025-12-10T11:00",
          "2025-12-10T13:40",
          "2025-12-10T16:20",
          "2025-12-10T12:00",
          "2025-12-10T13:00",
          "2025-12-10T14:40",
          "2025-12-10T15:40",
          "2025-12-10T17:20",
          "2025-12-10T18:20",
          "2025-12-10T19:00",
          "2025-12-10T20:00",
          "2025-12-10T21:00",
          "2025-12-10T21:40"
        ]
      },
      {
        "title": "Rental Family (2025)",
        "showtimes": [
          "2025-12-10T11:20",
          "2025-12-10T14:00",
          "2025-12-10T16:40",
          "2025-12-10T19:20"
        ]
      },
      {
        "title": "Sisu: Road to Revenge (2025)",
        "showtimes": [
          "2025-12-10T11:15",
          "2025-12-10T16:40",
          "2025-12-10T22:05"
        ]
      },
      {
        "title": "Wicked: For Good (2025)",
        "showtimes": [
          "2025-12-10T19:10",
          "2025-12-10T22:20",
          "2025-12-10T11:00",
          "2025-12-10T11:55",
          "2025-12-10T14:25",
          "2025-12-10T15:25",
          "2025-12-10T18:10",
          "2025-12-10T21:20"
        ]
      },
      {
        "title": "Keeper (2025)",
        "showtimes": [
          "2025-12-10T11:25",
          "2025-12-10T21:50"
        ]
      },
      {
        "title": "Now You See Me: Now You Don't (2025)",
        "showtimes": [
          "2025-12-10T11:10",
          "2025-12-10T13:55",
          "2025-12-10T16:40",
          "2025-12-10T19:25",
          "2025-12-10T22:10"
        ]
      },
      {
        "title": "The Running Man (2025)",
        "showtimes": [
          "2025-12-10T13:35",
          "2025-12-10T19:00"
        ]
      },
      {
        "title": "Predator: Badlands (2025)",
        "showtimes": [
          "2025-12-10T11:10",
          "2025-12-10T13:50",
          "2025-12-10T16:30",
          "2025-12-10T19:10",
          "2025-12-10T21:50"
        ]
      },
      {
        "title": "Sarah's Oil (2025)",
        "showtimes": [
          "2025-12-10T11:50",
          "2025-12-10T14:25",
          "2025-12-10T17:00",
          "2025-12-10T19:35",
          "2025-12-10T22:10"
        ]
      },
      {
        "title": "Regretting You (2025)",
        "showtimes": [
          "2025-12-10T14:00"
        ]
      },
      {
        "title": "Black Phone 2 (2025)",
        "showtimes": [
          "2025-12-10T16:45",
          "2025-12-10T22:15"
        ]
      },
      {
        "title": "Planes, Trains and Automobiles",
        "showtimes": [
          "2025-12-10T11:30",
          "2025-12-10T19:30"
        ]
      },
      {
        "title": "Five Nights at Freddy's 2 (2025)",
        "showtimes": [
          "2025-12-10T11:25",
          "2025-12-10T14:00",
          "2025-12-10T16:35",
          "2025-12-10T19:10",
          "2025-12-10T21:45"
        ]
      },
      {
        "title": "Zootopia 2 (2025)",
        "showtimes": [
          "2025-12-10T11:00",
          "2025-12-10T13:40",
          "2025-12-10T16:20",
          "2025-12-10T19:00",
          "2025-12-10T21:40"
        ]
      },
      {
        "title": "Wicked: For Good (2025)",
        "showtimes": [
          "2025-12-10T11:55",
          "2025-12-10T15:25",
          "2025-12-10T19:05",
          "2025-12-10T22:05"
        ]
      },
      {
        "title": "REBBECA: Becky G (2025)",
        "showtimes": [
          "2025-12-10T18:20",
          "2025-12-10T19:25"
        ]
      },
      {
        "title": "Fackham Hall (2025)",
        "showtimes": [
          "2025-12-10T15:40",
          "2025-12-10T18:05"
        ]
      },
      {
        "title": "Five Nights at Freddy's 2 (2025)",
        "showtimes": [
          "2025-12-10T16:30",
          "2025-12-10T19:00",
          "2025-12-10T21:40",
          "2025-12-10T12:40",
          "2025-12-10T14:35",
          "2025-12-10T15:20",
          "2025-12-10T17:00",
          "2025-12-10T18:00",
          "2025-12-10T20:40"
        ]
      },
      {
        "title": "JUJUTSU KAISEN: Execution (2025)",
        "showtimes": [
          "2025-12-10T12:00",
          "2025-12-10T16:20",
          "2025-12-10T20:40",
          "2025-12-10T14:10",
          "2025-12-10T18:30"
        ]
      },
      {
        "title": "Kill Bill: The Whole Bloody Affair",
        "showtimes": [
          "2025-12-10T12:40",
          "2025-12-10T18:15"
        ]
      },
      {
        "title": "Eternity (2025)",
        "showtimes": [
          "2025-12-10T12:00",
          "2025-12-10T18:00",
          "2025-12-10T21:55",
          "2025-12-10T16:00"
        ]
      },
      {
        "title": "Hamnet (2025)",
        "showtimes": [
          "2025-12-10T12:45",
          "2025-12-10T14:45",
          "2025-12-10T18:40",
          "2025-12-10T21:25"
        ]
      },
      {
        "title": "Zootopia 2 (2025)",
        "showtimes": [
          "2025-12-10T12:25",
          "2025-12-10T12:40",
          "2025-12-10T13:30",
          "2025-12-10T15:00",
          "2025-12-10T15:30",
          "2025-12-10T16:00",
          "2025-12-10T18:10",
          "2025-12-10T18:30",
          "2025-12-10T18:45",
          "2025-12-10T20:40",
          "2025-12-10T21:15"
        ]
      },
      {
        "title": "Rental Family (2025)",
        "showtimes": [
          "2025-12-10T16:10",
          "2025-12-10T20:35"
        ]
      },
      {
        "title": "Wicked: For Good (2025)",
        "showtimes": [
          "2025-12-10T13:30",
          "2025-12-10T12:10",
          "2025-12-10T13:00",
          "2025-12-10T15:10",
          "2025-12-10T16:00",
          "2025-12-10T19:00",
          "2025-12-10T21:00",
          "2025-12-10T21:30"
        ]
      },
      {
        "title": "Now You See Me: Now You Don't (2025)",
        "showtimes": [
          "2025-12-10T12:30",
          "2025-12-10T15:15",
          "2025-12-10T20:00",
          "2025-12-10T22:00"
        ]
      },
      {
        "title": "The Running Man (2025)",
        "showtimes": [
          "2025-12-10T12:50",
          "2025-12-10T15:55",
          "2025-12-10T18:50",
          "2025-12-10T21:45"
        ]
      },
      {
        "title": "Predator: Badlands (2025)",
        "showtimes": [
          "2025-12-10T12:05",
          "2025-12-10T13:10",
          "2025-12-10T17:30",
          "2025-12-10T20:30",
          "2025-12-10T22:00"
        ]
      },
      {
        "title": "Spirited Away - Studio Ghibli Fest 2025",
        "showtimes": [
          "2025-12-10T19:00"
        ]
      },
      {
        "title": "It's a Wonderful Life (1946)",
        "showtimes": [
          "2025-12-10T13:00"
        ]
      },
      {
        "title": "Five Nights at Freddy's 2 (2025)",
        "showtimes": [
          "2025-12-10T12:00",
          "2025-12-10T14:30",
          "2025-12-10T15:45",
          "2025-12-10T17:00",
          "2025-12-10T18:15",
          "2025-12-10T19:30",
          "2025-12-10T13:00"
        ]
      },
      {
        "title": "Eternity (2025)",
        "showtimes": [
          "2025-12-10T14:00",
          "2025-12-10T16:40",
          "2025-12-10T19:20"
        ]
      },
      {
        "title": "Zootopia 2 (2025)",
        "showtimes": [
          "2025-12-10T12:20",
          "2025-12-10T13:40",
          "2025-12-10T16:20",
          "2025-12-10T17:40",
          "2025-12-10T19:00",
          "2025-12-10T15:00"
        ]
      },
      {
        "title": "Rental Family (2025)",
        "showtimes": [
          "2025-12-10T14:05",
          "2025-12-10T16:55",
          "2025-12-10T19:40"
        ]
      },
      {
        "title": "Wicked: For Good (2025)",
        "showtimes": [
          "2025-12-10T12:10",
          "2025-12-10T15:35",
          "2025-12-10T18:45"
        ]
      },
      {
        "title": "Now You See Me: Now You Don't (2025)",
        "showtimes": [
          "2025-12-10T13:50",
          "2025-12-10T16:30",
          "2025-12-10T19:10"
        ]
      },
      {
        "title": "Predator: Badlands (2025)",
        "showtimes": [
          "2025-12-10T14:10",
          "2025-12-10T16:50",
          "2025-12-10T19:45"
        ]
      },
      {
        "title": "Chainsaw Man - The Movie: Reze Arc (2025)",
        "showtimes": [
          "2025-12-10T14:20",
          "2025-12-10T19:50",
          "2025-12-10T17:05"
        ]
      },
      {
        "title": "Five Nights at Freddy's 2 (2025)",
        "showtimes": [
          "2025-12-10T12:30",
          "2025-12-10T15:15",
          "2025-12-10T18:00",
          "2025-12-10T20:45",
          "2025-12-10T13:30",
          "2025-12-10T16:15",
          "2025-12-10T19:00",
          "2025-12-10T21:50"
        ]
      },
      {
        "title": "JUJUTSU KAISEN: Execution (2025)",
        "showtimes": [
          "2025-12-10T12:05",
          "2025-12-10T17:00",
          "2025-12-10T21:55",
          "2025-12-10T14:35",
          "2025-12-10T19:30"
        ]
      },
      {
        "title": "Merrily We Roll Along (2025)",
        "showtimes": [
          "2025-12-10T15:00",
          "2025-12-10T19:00"
        ]
      },
      {
        "title": "Eternity (2025)",
        "showtimes": [
          "2025-12-10T12:15",
          "2025-12-10T15:45"
        ]
      },
      {
        "title": "Zootopia 2 (2025)",
        "showtimes": [
          "2025-12-10T13:10",
          "2025-12-10T12:10",
          "2025-12-10T15:00",
          "2025-12-10T16:00",
          "2025-12-10T17:50",
          "2025-12-10T18:50",
          "2025-12-10T20:40",
          "2025-12-10T21:40"
        ]
      },
      {
        "title": "Wicked: For Good (2025)",
        "showtimes": [
          "2025-12-10T12:00",
          "2025-12-10T15:20",
          "2025-12-10T18:40",
          "2025-12-10T22:00"
        ]
      },
      {
        "title": "Now You See Me: Now You Don't (2025)",
        "showtimes": [
          "2025-12-10T12:50",
          "2025-12-10T18:45",
          "2025-12-10T21:45"
        ]
      },
      {
        "title": "Predator: Badlands (2025)",
        "showtimes": [
          "2025-12-10T16:05",
          "2025-12-10T21:35"
        ]
      },
      {
        "title": "The Christmas Chronicles (2018)",
        "showtimes": [
          "2025-12-10T13:20",
          "2025-12-10T18:50"
        ]
      },
      {
        "title": "A Christmas Story (1983)",
        "showtimes": [
          "2025-12-10T18:15"
        ]
      },
      {
        "title": "REBBECA: Becky G (2025)",
        "showtimes": [
          "2025-12-10T18:00"
        ]
      },
      {
        "title": "André Rieu's 2025 Christmas Concert: Merry Christmas",
        "showtimes": [
          "2025-12-10T19:15"
        ]
      },
      {
        "title": "Dhurandhar (2025)",
        "showtimes": [
          "2025-12-10T21:40"
        ]
      },
      {
        "title": "Fackham Hall (2025)",
        "showtimes": [
          "2025-12-10T09:50",
          "2025-12-10T12:15",
          "2025-12-10T14:45",
          "2025-12-10T17:15",
          "2025-12-10T20:30",
          "2025-12-10T22:55"
        ]
      },
      {
        "title": "Five Nights at Freddy's 2 (2025)",
        "showtimes": [
          "2025-12-10T10:00",
          "2025-12-10T12:35",
          "2025-12-10T15:15",
          "2025-12-10T17:55",
          "2025-12-10T20:30",
          "2025-12-10T23:05",
          "2025-12-10T10:25",
          "2025-12-10T11:05",
          "2025-12-10T12:05",
          "2025-12-10T13:05",
          "2025-12-10T13:45",
          "2025-12-10T14:45",
          "2025-12-10T15:45",
          "2025-12-10T16:25",
          "2025-12-10T17:25",
          "2025-12-10T18:25",
          "2025-12-10T19:05",
          "2025-12-10T20:10",
          "2025-12-10T21:45",
          "2025-12-10T22:25",
          "2025-12-10T22:50"
        ]
      },
      {
        "title": "JUJUTSU KAISEN: Execution (2025)",
        "showtimes": [
          "2025-12-10T09:50",
          "2025-12-10T11:20",
          "2025-12-10T16:00",
          "2025-12-10T20:40",
          "2025-12-10T09:55",
          "2025-12-10T13:40",
          "2025-12-10T18:20",
          "2025-12-10T23:00"
        ]
      },
      {
        "title": "Kill Bill: The Whole Bloody Affair",
        "showtimes": [
          "2025-12-10T18:00"
        ]
      },
      {
        "title": "Merrily We Roll Along (2025)",
        "showtimes": [
          "2025-12-10T19:00"
        ]
      },
      {
        "title": "Eternity (2025)",
        "showtimes": [
          "2025-12-10T09:50",
          "2025-12-10T12:25",
          "2025-12-10T16:30",
          "2025-12-10T20:10",
          "2025-12-10T22:45"
        ]
      },
      {
        "title": "Hamnet (2025)",
        "showtimes": [
          "2025-12-10T10:50",
          "2025-12-10T13:45",
          "2025-12-10T16:40",
          "2025-12-10T20:35"
        ]
      },
      {
        "title": "Zootopia 2 (2025)",
        "showtimes": [
          "2025-12-10T11:30",
          "2025-12-10T14:05",
          "2025-12-10T16:45",
          "2025-12-10T19:25",
          "2025-12-10T11:30",
          "2025-12-10T14:05",
          "2025-12-10T16:45",
          "2025-12-10T19:25",
          "2025-12-10T11:50",
          "2025-12-10T17:10",
          "2025-12-10T19:50",
          "2025-12-10T22:30",
          "2025-12-10T09:50",
          "2025-12-10T10:45",
          "2025-12-10T12:25",
          "2025-12-10T13:30",
          "2025-12-10T13:50",
          "2025-12-10T14:30",
          "2025-12-10T15:05",
          "2025-12-10T15:20",
          "2025-12-10T16:10",
          "2025-12-10T17:45",
          "2025-12-10T19:00",
          "2025-12-10T20:25",
          "2025-12-10T21:05",
          "2025-12-10T23:05"
        ]
      },
      {
        "title": "Rental Family (2025)",
        "showtimes": [
          "2025-12-10T09:50",
          "2025-12-10T12:50",
          "2025-12-10T15:30",
          "2025-12-10T22:35"
        ]
      },
      {
        "title": "Wicked: For Good (2025)",
        "showtimes": [
          "2025-12-10T22:10",
          "2025-12-10T22:10",
          "2025-12-10T12:30",
          "2025-12-10T15:40",
          "2025-12-10T18:50",
          "2025-12-10T22:00",
          "2025-12-10T10:00",
          "2025-12-10T10:25",
          "2025-12-10T12:30",
          "2025-12-10T13:10",
          "2025-12-10T13:35",
          "2025-12-10T15:40",
          "2025-12-10T16:20",
          "2025-12-10T17:00",
          "2025-12-10T18:50",
          "2025-12-10T19:30",
          "2025-12-10T22:00"
        ]
      },
      {
        "title": "Now You See Me: Now You Don't (2025)",
        "showtimes": [
          "2025-12-10T10:00",
          "2025-12-10T12:35",
          "2025-12-10T14:50",
          "2025-12-10T17:30",
          "2025-12-10T20:05",
          "2025-12-10T22:50"
        ]
      },
      {
        "title": "The Running Man (2025)",
        "showtimes": [
          "2025-12-10T09:50",
          "2025-12-10T12:45",
          "2025-12-10T15:55",
          "2025-12-10T19:40",
          "2025-12-10T22:40"
        ]
      },
      {
        "title": "Predator: Badlands (2025)",
        "showtimes": [
          "2025-12-10T09:50",
          "2025-12-10T12:10",
          "2025-12-10T15:10",
          "2025-12-10T19:45",
          "2025-12-10T23:00"
        ]
      },
      {
        "title": "Hijacked (2025)",
        "showtimes": [
          "2025-12-10T22:05"
        ]
      },
      {
        "title": "Sentimental Value (2025)",
        "showtimes": [
          "2025-12-10T10:35"
        ]
      },
      {
        "title": "Five Nights at Freddy's 2 (2025)",
        "showtimes": [
          "2025-12-10T11:00",
          "2025-12-10T13:35",
          "2025-12-10T16:10",
          "2025-12-10T18:45",
          "2025-12-10T21:20",
          "2025-12-10T11:30",
          "2025-12-10T12:00",
          "2025-12-10T14:05",
          "2025-12-10T14:35",
          "2025-12-10T16:40",
          "2025-12-10T17:10",
          "2025-12-10T19:15",
          "2025-12-10T19:45",
          "2025-12-10T21:50",
          "2025-12-10T22:20"
        ]
      },
      {
        "title": "JUJUTSU KAISEN: Execution (2025)",
        "showtimes": [
          "2025-12-10T11:40",
          "2025-12-10T14:00",
          "2025-12-10T16:20",
          "2025-12-10T18:50",
          "2025-12-10T21:15",
          "2025-12-10T12:40",
          "2025-12-10T15:00",
          "2025-12-10T17:25",
          "2025-12-10T19:50",
          "2025-12-10T22:25"
        ]
      },
      {
        "title": "Kill Bill: The Whole Bloody Affair",
        "showtimes": [
          "2025-12-10T12:30",
          "2025-12-10T18:15"
        ]
      },
      {
        "title": "Eternity (2025)",
        "showtimes": [
          "2025-12-10T11:05",
          "2025-12-10T13:50",
          "2025-12-10T16:25",
          "2025-12-10T19:20",
          "2025-12-10T22:00"
        ]
      },
      {
        "title": "Wake Up Dead Man: A Knives Out Mystery (2025)",
        "showtimes": [
          "2025-12-10T11:45",
          "2025-12-10T12:25",
          "2025-12-10T15:05",
          "2025-12-10T15:45",
          "2025-12-10T18:20",
          "2025-12-10T19:00",
          "2025-12-10T21:35",
          "2025-12-10T22:15"
        ]
      },
      {
        "title": "Zootopia 2 (2025)",
        "showtimes": [
          "2025-12-10T11:20",
          "2025-12-10T11:50",
          "2025-12-10T12:50",
          "2025-12-10T13:55",
          "2025-12-10T14:25",
          "2025-12-10T15:30",
          "2025-12-10T16:30",
          "2025-12-10T17:00",
          "2025-12-10T18:35",
          "2025-12-10T19:05",
          "2025-12-10T19:35",
          "2025-12-10T21:10",
          "2025-12-10T21:40",
          "2025-12-10T22:10"
        ]
      },
      {
        "title": "Wicked: For Good (2025)",
        "showtimes": [
          "2025-12-10T11:00",
          "2025-12-10T12:15",
          "2025-12-10T14:15",
          "2025-12-10T15:50",
          "2025-12-10T17:20",
          "2025-12-10T19:10",
          "2025-12-10T20:30",
          "2025-12-10T22:15"
        ]
      },
      {
        "title": "Now You See Me: Now You Don't (2025)",
        "showtimes": [
          "2025-12-10T11:15",
          "2025-12-10T14:10",
          "2025-12-10T16:50",
          "2025-12-10T19:30",
          "2025-12-10T22:10"
        ]
      },
      {
        "title": "Predator: Badlands (2025)",
        "showtimes": [
          "2025-12-10T11:10",
          "2025-12-10T13:40",
          "2025-12-10T16:35",
          "2025-12-10T19:25",
          "2025-12-10T22:05"
        ]
      },
      {
        "title": "Demon Slayer: Kimetsu no Yaiba Infinity Castle (2025)",
        "showtimes": [
          "2025-12-10T11:25",
          "2025-12-10T18:05",
          "2025-12-10T14:45",
          "2025-12-10T21:25"
        ]
      }
    ]
  }
]