[
  {
    "theater_name": "AMC Marina Pacifica 12",
    "address": "6346 E. Pacific Coast Hwy.\nLong Beach, CA 90803",
    "movies": [
      {
        "title": "Ella McCay (2025)",
        "showtimes": [
          "2025-12-12T12:50",
          "2025-12-12T16:00",
          "2025-12-12T19:05",
          "2025-12-12T22:15"
        ]
      },
      {
        "title": "Dr. Seuss’ How the Grinch Stole Christmas (2000): 25th Anniversary",
        "showtimes": [
          "2025-12-12T10:30",
          "2025-12-12T13:00",
          "2025-12-12T15:30"
        ]
      },
      {
        "title": "Five Nights at Freddy's 2 (2025)",
        "showtimes": [
          "2025-12-12T10:30",
          "2025-12-12T13:10",
          "2025-12-12T15:50",
          "2025-12-12T18:30",
          "2025-12-12T21:10"
        ]
      },
      {
        "title": "Zootopia 2 (2025)",
        "showtimes": [
          "2025-12-12T13:20",
          "2025-12-12T21:35",
          "2025-12-12T10:35",
          "2025-12-12T16:05",
          "2025-12-12T18:50"
        ]
      },
      {
        "title": "Wicked: For Good (2025)",
        "showtimes": [
          "2025-12-12T10:45",
          "2025-12-12T14:00",
          "2025-12-12T17:15",
          "2025-12-12T20:30"
        ]
      },
      {
        "title": "Dr. Seuss’ How the Grinch Stole Christmas (2000): 25th Anniversary",
        "showtimes": [
          "2025-12-12T17:00",
          "2025-12-12T11:05",
          "2025-12-12T13:50"
        ]
      },
      {
        "title": "Ella McCay (2025)",
        "showtimes": [
          "2025-12-12T11:10",
          "2025-12-12T14:10",
          "2025-12-12T17:10",
          "2025-12-12T20:05",
          "2025-12-12T22:50"
        ]
      },
      {
        "title": "Silent Night, Deadly Night (2025)",
        "showtimes": [
          "2025-12-12T17:05",
          "2025-12-12T19:40",
          "2025-12-12T22:15"
        ]
      },
      {
        "title": "The Shining (2025)",
        "showtimes": [
          "2025-12-12T18:00"
        ]
      },
      {
        "title": "Rolling Stones - At the Max (2025)",
        "showtimes": [
          "2025-12-12T15:30",
          "2025-12-12T21:30"
        ]
      },
      {
        "title": "Arthur Christmas",
        "showtimes": [
          "2025-12-12T11:25"
        ]
      },
      {
        "title": "Ella McCay (2025)",
        "showtimes": [
          "2025-12-12T11:00",
          "2025-12-12T13:45",
          "2025-12-12T16:30",
          "2025-12-12T19:15",
          "2025-12-12T22:00"
        ]
      },
      {
        "title": "Dr. Seuss’ How the Grinch Stole Christmas (2000): 25th Anniversary",
        "showtimes": [
          "2025-12-12T19:35"
        ]
      },
      {
        "title": "Ella McCay (2025)",
        "showtimes": [
          "2025-12-12T11:40",
          "2025-12-12T14:15",
          "2025-12-12T16:50",
          "2025-12-12T19:30",
          "2025-12-12T22:20"
        ]
      },
      {
        "title": "It's a Wonderful Life (1946)",
        "showtimes": [
          "2025-12-12T16:35"
        ]
      },
      {
        "title": "Dr. Seuss’ How the Grinch Stole Christmas (2000): 25th Anniversary",
        "showtimes": [
          "2025-12-12T12:00",
          "2025-12-12T14:45"
        ]
      },
      {
        "title": "Ella McCay (2025)",
        "showtimes": [
          "2025-12-12T12:20",
          "2025-12-12T15:15",
          "2025-12-12T18:10",
          "2025-12-12T21:05"
        ]
      },
      {
        "title": "Arthur Christmas",
        "showtimes": [
          "2025-12-12T12:10"
        ]
      },
      {
        "title": "Dr. Seuss’ How the Grinch Stole Christmas (2000): 25th Anniversary",
        "showtimes": [
          "2025-12-12T09:30",
          "2025-12-12T10:30",
          "2025-12-12T13:00",
          "2025-12-12T15:30",
          "2025-12-12T18:00"
        ]
      },
      {
        "title": "Ella McCay (2025)",
        "showtimes": [
          "2025-12-12T11:00",
          "2025-12-12T13:50",
          "2025-12-12T16:40",
          "2025-12-12T19:30",
          "2025-12-12T22:20"
        ]
      },
      {
        "title": "Silent Night, Deadly Night (2025)",
        "showtimes": [
          "2025-12-12T10:40",
          "2025-12-12T13:10",
          "2025-12-12T15:40",
          "2025-12-12T18:10",
          "2025-12-12T20:40",
          "2025-12-12T23:10"
        ]
      },
      {
        "title": "Five Nights at Freddy's 2 (2025)",
        "showtimes": [
          "2025-12-12T12:00",
          "2025-12-12T14:40",
          "2025-12-12T17:20",
          "2025-12-12T20:00",
          "2025-12-12T22:40"
        ]
      },
      {
        "title": "Zootopia 2 (2025)",
        "showtimes": [
          "2025-12-12T10:25",
          "2025-12-12T09:25",
          "2025-12-12T12:45",
          "2025-12-12T15:25",
          "2025-12-12T18:05",
          "2025-12-12T20:45",
          "2025-12-12T23:25"
        ]
      },
      {
        "title": "Wicked: For Good (2025)",
        "showtimes": [
          "2025-12-12T10:30",
          "2025-12-12T13:40",
          "2025-12-12T16:50",
          "2025-12-12T20:00",
          "2025-12-12T23:10"
        ]
      }
    ]
  }
]