[
  {
    "theater_name": "AMC Marina Pacifica 12",
    "address": "6346 E. Pacific Coast Hwy.\nLong Beach, CA 90803",
    "movies": [
      {
        "title": "Ella McCay (2025)",
        "showtimes": [
          "2025-12-15T12:50",
          "2025-12-15T16:00",
          "2025-12-15T19:05",
          "2025-12-15T22:15"
        ]
      },
      {
        "title": "Crunchyroll Anime Nights SNEAK PEEK (2025)",
        "showtimes": [
          "2025-12-15T19:00"
        ]
      },
      {
        "title": "Dr. Seuss’ How the Grinch Stole Christmas (2000): 25th Anniversary",
        "showtimes": [
          "2025-12-15T10:30",
          "2025-12-15T13:00",
          "2025-12-15T15:30"
        ]
      },
      {
        "title": "Five Nights at Freddy's 2 (2025)",
        "showtimes": [
          "2025-12-15T10:30",
          "2025-12-15T13:10",
          "2025-12-15T15:50",
          "2025-12-15T18:30",
          "2025-12-15T21:10"
        ]
      },
      {
        "title": "Zootopia 2 (2025)",
        "showtimes": [
          "2025-12-15T13:20",
          "2025-12-15T21:35",
          "2025-12-15T10:35",
          "2025-12-15T16:05",
          "2025-12-15T18:50"
        ]
      },
      {
        "title": "Wicked: For Good (2025)",
        "showtimes": [
          "2025-12-15T10:45",
          "2025-12-15T14:00",
          "2025-12-15T17:15",
          "2025-12-15T20:30"
        ]
      },
      {
        "title": "Cinemark Secret Movie Series",
        "showtimes": [
          "2025-12-15T19:00"
        ]
      },
      {
        "title": "A Room With a View",
        "showtimes": [
          "2025-12-15T11:10",
          "2025-12-15T19:10"
        ]
      },
      {
        "title": "REGAL: Monday Mystery Movie",
        "showtimes": [
          "2025-12-15T19:00"
        ]
      },
      {
        "title": "The Case for Miracles",
        "showtimes": [
          "2025-12-15T19:00"
        ]
      },
      {
        "title": "Dr. Seuss’ How the Grinch Stole Christmas (2000): 25th Anniversary",
        "showtimes": [
          "2025-12-15T17:00",
          "2025-12-15T11:05"
        ]
      },
      {
        "title": "Ella McCay (2025)",
        "showtimes": [
          "2025-12-15T11:10",
          "2025-12-15T14:10",
          "2025-12-15T17:10",
          "2025-12-15T20:05",
          "2025-12-15T22:50"
        ]
      },
      {
        "title": "Silent Night, Deadly Night (2025)",
        "showtimes": [
          "2025-12-15T17:05",
          "2025-12-15T19:40",
          "2025-12-15T22:15"
        ]
      },
      {
        "title": "Adam Sandler's Eight Crazy Nights (2002)",
        "showtimes": [
          "2025-12-15T12:25",
          "2025-12-15T18:25"
        ]
      },
      {
        "title": "Ella McCay (2025)",
        "showtimes": [
          "2025-12-15T11:00",
          "2025-12-15T13:45",
          "2025-12-15T16:30",
          "2025-12-15T19:15",
          "2025-12-15T22:00"
        ]
      },
      {
        "title": "Harkins Secret Cinema",
        "showtimes": [
          "2025-12-15T19:00"
        ]
      },
      {
        "title": "Crunchyroll Anime Nights SNEAK PEEK (2025)",
        "showtimes": [
          "2025-12-15T19:00"
        ]
      },
      {
        "title": "Dr. Seuss’ How the Grinch Stole Christmas (2000): 25th Anniversary",
        "showtimes": [
          "2025-12-15T19:05"
        ]
      },
      {
        "title": "Ella McCay (2025)",
        "showtimes": [
          "2025-12-15T12:50",
          "2025-12-15T15:30",
          "2025-12-15T18:20",
          "2025-12-15T21:10"
        ]
      },
      {
        "title": "REGAL: Monday Mystery Movie",
        "showtimes": [
          "2025-12-15T19:00"
        ]
      },
      {
        "title": "The Case for Miracles",
        "showtimes": [
          "2025-12-15T19:00"
        ]
      },
      {
        "title": "Dr. Seuss’ How the Grinch Stole Christmas (2000): 25th Anniversary",
        "showtimes": [
          "2025-12-15T14:00"
        ]
      },
      {
        "title": "Ella McCay (2025)",
        "showtimes": [
          "2025-12-15T12:20",
          "2025-12-15T15:15",
          "2025-12-15T18:10",
          "2025-12-15T21:05"
        ]
      },
      {
        "title": "Adam Sandler's Eight Crazy Nights (2002)",
        "showtimes": [
          "2025-12-15T14:05",
          "2025-12-15T19:10"
        ]
      },
      {
        "title": "Crunchyroll Anime Nights SNEAK PEEK (2025)",
        "showtimes": [
          "2025-12-15T19:00"
        ]
      },
      {
        "title": "The Case for Miracles",
        "showtimes": [
          "2025-12-15T19:30"
        ]
      },
      {
        "title": "Dr. Seuss’ How the Grinch Stole Christmas (2000): 25th Anniversary",
        "showtimes": [
          "2025-12-15T10:20",
          "2025-12-15T12:50",
          "2025-12-15T15:20",
          "2025-12-15T17:50"
        ]
      },
      {
        "title": "Ella McCay (2025)",
        "showtimes": [
          "2025-12-15T11:00",
          "2025-12-15T13:50",
          "2025-12-15T16:40",
          "2025-12-15T19:30",
          "2025-12-15T22:20"
        ]
      },
      {
        "title": "Silent Night, Deadly Night (2025)",
        "showtimes": [
          "2025-12-15T10:30",
          "2025-12-15T13:00",
          "2025-12-15T15:30",
          "2025-12-15T18:00",
          "2025-12-15T20:30",
          "2025-12-15T23:10"
        ]
      },
      {
        "title": "Five Nights at Freddy's 2 (2025)",
        "showtimes": [
          "2025-12-15T12:05",
          "2025-12-15T14:45",
          "2025-12-15T17:25",
          "2025-12-15T20:05",
          "2025-12-15T22:45"
        ]
      },
      {
        "title": "Zootopia 2 (2025)",
        "showtimes": [
          "2025-12-15T10:25",
          "2025-12-15T10:20",
          "2025-12-15T12:15",
          "2025-12-15T14:55",
          "2025-12-15T17:35",
          "2025-12-15T20:15",
          "2025-12-15T22:55"
        ]
      },
      {
        "title": "Wicked: For Good (2025)",
        "showtimes": [
          "2025-12-15T10:30",
          "2025-12-15T13:40",
          "2025-12-15T16:50",
          "2025-12-15T20:00",
          "2025-12-15T23:00"
        ]
      },
      {
        "title": "Cinemark Secret Movie Series",
        "showtimes": [
          "2025-12-15T19:00"
        ]
      }
    ]
  }
]