[
  {
    "theater_name": "AMC Marina Pacifica 12",
    "address": "6346 E. Pacific Coast Hwy.\nLong Beach, CA 90803",
    "movies": [
      {
        "title": "David Early Access Screening (2025)",
        "showtimes": [
          "2025-12-14T14:00"
        ]
      },
      {
        "title": "Sense and Sensibility 30th Anniversary (2025)",
        "showtimes": [
          "2025-12-14T18:30"
        ]
      },
      {
        "title": "Ella McCay (2025)",
        "showtimes": [
          "2025-12-14T12:50",
          "2025-12-14T16:00",
          "2025-12-14T19:05",
          "2025-12-14T22:15"
        ]
      },
      {
        "title": "Christina Aguilera: Christmas in Paris",
        "showtimes": [
          "2025-12-14T19:00"
        ]
      },
      {
        "title": "Dr. Seuss’ How the Grinch Stole Christmas (2000): 25th Anniversary",
        "showtimes": [
          "2025-12-14T10:30",
          "2025-12-14T13:00",
          "2025-12-14T15:30"
        ]
      },
      {
        "title": "Five Nights at Freddy's 2 (2025)",
        "showtimes": [
          "2025-12-14T10:30",
          "2025-12-14T13:10",
          "2025-12-14T15:50",
          "2025-12-14T18:30",
          "2025-12-14T21:10"
        ]
      },
      {
        "title": "Zootopia 2 (2025)",
        "showtimes": [
          "2025-12-14T13:20",
          "2025-12-14T21:35",
          "2025-12-14T10:35",
          "2025-12-14T16:05",
          "2025-12-14T18:50"
        ]
      },
      {
        "title": "Wicked: For Good (2025)",
        "showtimes": [
          "2025-12-14T10:45",
          "2025-12-14T14:00",
          "2025-12-14T17:15",
          "2025-12-14T20:30"
        ]
      },
      {
        "title": "A Room With a View",
        "showtimes": [
          "2025-12-14T11:05",
          "2025-12-14T19:05"
        ]
      },
      {
        "title": "Christina Aguilera: Christmas in Paris",
        "showtimes": [
          "2025-12-14T19:00"
        ]
      },
      {
        "title": "David Early Access Screening (2025)",
        "showtimes": [
          "2025-12-14T14:00"
        ]
      },
      {
        "title": "Sense and Sensibility 30th Anniversary (2025)",
        "showtimes": [
          "2025-12-14T18:40"
        ]
      },
      {
        "title": "Dick Van Dyke 100th Celebration",
        "showtimes": [
          "2025-12-14T16:00",
          "2025-12-14T19:00"
        ]
      },
      {
        "title": "Dr. Seuss’ How the Grinch Stole Christmas (2000): 25th Anniversary",
        "showtimes": [
          "2025-12-14T17:00",
          "2025-12-14T11:05",
          "2025-12-14T13:50"
        ]
      },
      {
        "title": "Ella McCay (2025)",
        "showtimes": [
          "2025-12-14T11:10",
          "2025-12-14T14:10",
          "2025-12-14T17:10",
          "2025-12-14T20:05",
          "2025-12-14T22:50"
        ]
      },
      {
        "title": "Silent Night, Deadly Night (2025)",
        "showtimes": [
          "2025-12-14T17:05",
          "2025-12-14T19:40",
          "2025-12-14T22:15"
        ]
      },
      {
        "title": "The Shining (2025)",
        "showtimes": [
          "2025-12-14T18:45"
        ]
      },
      {
        "title": "The Cure: The Show of a Lost World (2025)",
        "showtimes": [
          "2025-12-14T15:00"
        ]
      },
      {
        "title": "Rolling Stones - At the Max (2025)",
        "showtimes": [
          "2025-12-14T16:20"
        ]
      },
      {
        "title": "Elf",
        "showtimes": [
          "2025-12-14T12:10"
        ]
      },
      {
        "title": "David Early Access Screening (2025)",
        "showtimes": [
          "2025-12-14T14:00"
        ]
      },
      {
        "title": "Ella McCay (2025)",
        "showtimes": [
          "2025-12-14T11:00",
          "2025-12-14T13:45",
          "2025-12-14T16:30",
          "2025-12-14T19:15",
          "2025-12-14T22:00"
        ]
      },
      {
        "title": "David Early Access Screening (2025)",
        "showtimes": [
          "2025-12-14T14:00"
        ]
      },
      {
        "title": "Dr. Seuss’ How the Grinch Stole Christmas (2000): 25th Anniversary",
        "showtimes": [
          "2025-12-14T19:35"
        ]
      },
      {
        "title": "Ella McCay (2025)",
        "showtimes": [
          "2025-12-14T11:20",
          "2025-12-14T13:55",
          "2025-12-14T16:30",
          "2025-12-14T19:10",
          "2025-12-14T22:00"
        ]
      },
      {
        "title": "The Cure: The Show of a Lost World (2025)",
        "showtimes": [
          "2025-12-14T15:00",
          "2025-12-14T18:45"
        ]
      },
      {
        "title": "It's a Wonderful Life (1946)",
        "showtimes": [
          "2025-12-14T16:35"
        ]
      },
      {
        "title": "David Early Access Screening (2025)",
        "showtimes": [
          "2025-12-14T14:00"
        ]
      },
      {
        "title": "David Early Access Screening (2025)",
        "showtimes": [
          "2025-12-14T14:00"
        ]
      },
      {
        "title": "Dr. Seuss’ How the Grinch Stole Christmas (2000): 25th Anniversary",
        "showtimes": [
          "2025-12-14T12:00",
          "2025-12-14T14:45"
        ]
      },
      {
        "title": "Ella McCay (2025)",
        "showtimes": [
          "2025-12-14T12:20",
          "2025-12-14T15:15",
          "2025-12-14T18:10",
          "2025-12-14T21:05"
        ]
      },
      {
        "title": "Elf",
        "showtimes": [
          "2025-12-14T12:10"
        ]
      },
      {
        "title": "Christina Aguilera: Christmas in Paris",
        "showtimes": [
          "2025-12-14T19:30"
        ]
      },
      {
        "title": "David Early Access Screening (2025)",
        "showtimes": [
          "2025-12-14T14:30"
        ]
      },
      {
        "title": "Sense and Sensibility 30th Anniversary (2025)",
        "showtimes": [
          "2025-12-14T17:25"
        ]
      },
      {
        "title": "Dick Van Dyke 100th Celebration",
        "showtimes": [
          "2025-12-14T16:15",
          "2025-12-14T18:30"
        ]
      },
      {
        "title": "Dr. Seuss’ How the Grinch Stole Christmas (2000): 25th Anniversary",
        "showtimes": [
          "2025-12-14T09:35",
          "2025-12-14T12:00",
          "2025-12-14T14:30",
          "2025-12-14T17:00"
        ]
      },
      {
        "title": "Ella McCay (2025)",
        "showtimes": [
          "2025-12-14T11:00",
          "2025-12-14T13:50",
          "2025-12-14T16:40",
          "2025-12-14T19:00",
          "2025-12-14T21:50"
        ]
      },
      {
        "title": "Silent Night, Deadly Night (2025)",
        "showtimes": [
          "2025-12-14T10:30",
          "2025-12-14T13:00",
          "2025-12-14T15:30",
          "2025-12-14T18:00",
          "2025-12-14T20:30",
          "2025-12-14T23:10"
        ]
      },
      {
        "title": "The Cure: The Show of a Lost World (2025)",
        "showtimes": [
          "2025-12-14T15:30"
        ]
      },
      {
        "title": "Five Nights at Freddy's 2 (2025)",
        "showtimes": [
          "2025-12-14T12:00",
          "2025-12-14T14:40",
          "2025-12-14T17:20",
          "2025-12-14T20:00",
          "2025-12-14T22:40"
        ]
      },
      {
        "title": "Zootopia 2 (2025)",
        "showtimes": [
          "2025-12-14T09:35",
          "2025-12-14T09:45",
          "2025-12-14T12:25",
          "2025-12-14T15:05",
          "2025-12-14T17:45",
          "2025-12-14T20:25",
          "2025-12-14T23:05"
        ]
      },
      {
        "title": "Wicked: For Good (2025)",
        "showtimes": [
          "2025-12-14T10:30",
          "2025-12-14T13:40",
          "2025-12-14T16:50",
          "2025-12-14T20:00",
          "2025-12-14T23:00"
        ]
      }
    ]
  }
]