[
  {
    "theater_name": "AMC Marina Pacifica 12",
    "address": "6346 E. Pacific Coast Hwy.\nLong Beach, CA 90803",
    "movies": [
      {
        "title": "Ella McCay (2025)",
        "showtimes": [
          "2025-12-11T14:00",
          "2025-12-11T16:00",
          "2025-12-11T19:05",
          "2025-12-11T22:15"
        ]
      },
      {
        "title": "Wicked: For Good (2025)",
        "showtimes": [
          "2025-12-11T11:30",
          "2025-12-11T15:00",
          "2025-12-11T18:30",
          "2025-12-11T22:05"
        ]
      }
    ]
  },
  {
    "theater_name": "Cinemark At The Pike Outlets and XD",
    "address": "99 South Pine Avenue\nLong Beach, CA 90802",
    "movies": [
      {
        "title": "Five Nights at Freddy's 2 (2025)",
        "showtimes": [
          "2025-12-11T14:30",
          "2025-12-11T17:10",
          "2025-12-11T19:50",
          "2025-12-11T22:30",
          "2025-12-11T11:00",
          "2025-12-11T12:40",
          "2025-12-11T13:40",
          "2025-12-11T15:20",
          "2025-12-11T16:20",
          "2025-12-11T18:00",
          "2025-12-11T19:00",
          "2025-12-11T20:40",
          "2025-12-11T21:40"
        ]
      },
      {
        "title": "Wedding Crashers 20th Anniversary",
        "showtimes": [
          "2025-12-11T16:00",
          "2025-12-11T18:40",
          "2025-12-11T21:30"
        ]
      },
      {
        "title": "Zootopia 2 (2025)",
        "showtimes": [
          "2025-12-11T13:45",
          "2025-12-11T22:00",
          "2025-12-11T11:00",
          "2025-12-11T16:30",
          "2025-12-11T19:15"
        ]
      },
      {
        "title": "Wicked: For Good (2025)",
        "showtimes": [
          "2025-12-11T11:15",
          "2025-12-11T14:00",
          "2025-12-11T17:15",
          "2025-12-11T20:30"
        ]
      }
    ]
  },
  {
    "theater_name": "Regal Edwards Long Beach ScreenX & IMAX",
    "address": "7501 East Carson St.\nLong Beach, CA 90808",
    "movies": [
      {
        "title": "The Christmas Chronicles: Part Two",
        "showtimes": [
          "2025-12-11T15:25",
          "2025-12-11T18:25"
        ]
      },
      {
        "title": "Ella McCay (2025)",
        "showtimes": [
          "2025-12-11T14:10",
          "2025-12-11T17:10",
          "2025-12-11T20:05",
          "2025-12-11T22:55"
        ]
      },
      {
        "title": "Silent Night, Deadly Night (2025)",
        "showtimes": [
          "2025-12-11T17:05",
          "2025-12-11T19:35",
          "2025-12-11T22:25"
        ]
      },
      {
        "title": "The Cure: The Show of a Lost World (2025)",
        "showtimes": [
          "2025-12-11T19:00"
        ]
      },
      {
        "title": "Rolling Stones - At the Max (2025)",
        "showtimes": [
          "2025-12-11T19:00"
        ]
      },
      {
        "title": "100 Nights of Hero (2025)",
        "showtimes": [
          "2025-12-11T11:00"
        ]
      },
      {
        "title": "Dhurandhar (2025)",
        "showtimes": [
          "2025-12-11T12:15",
          "2025-12-11T16:50",
          "2025-12-11T21:25"
        ]
      },
      {
        "title": "Fackham Hall (2025)",
        "showtimes": [
          "2025-12-11T11:15",
          "2025-12-11T14:00",
          "2025-12-11T16:45",
          "2025-12-11T19:30",
          "2025-12-11T22:10"
        ]
      },
      {
        "title": "Five Nights at Freddy's 2 (2025)",
        "showtimes": [
          "2025-12-11T11:05",
          "2025-12-11T12:25",
          "2025-12-11T13:10",
          "2025-12-11T13:50",
          "2025-12-11T14:40",
          "2025-12-11T15:50",
          "2025-12-11T16:35",
          "2025-12-11T17:25",
          "2025-12-11T18:30",
          "2025-12-11T19:20",
          "2025-12-11T21:10",
          "2025-12-11T22:10",
          "2025-12-11T22:45"
        ]
      },
      {
        "title": "JUJUTSU KAISEN: Execution (2025)",
        "showtimes": [
          "2025-12-11T11:10",
          "2025-12-11T14:50",
          "2025-12-11T19:50",
          "2025-12-11T22:45",
          "2025-12-11T12:20",
          "2025-12-11T13:40",
          "2025-12-11T17:20",
          "2025-12-11T20:20",
          "2025-12-11T22:20"
        ]
      },
      {
        "title": "Kill Bill: The Whole Bloody Affair",
        "showtimes": [
          "2025-12-11T11:25",
          "2025-12-11T17:10",
          "2025-12-11T20:10"
        ]
      },
      {
        "title": "Merrily We Roll Along (2025)",
        "showtimes": [
          "2025-12-11T15:00"
        ]
      },
      {
        "title": "Wedding Crashers 20th Anniversary",
        "showtimes": [
          "2025-12-11T16:00",
          "2025-12-11T19:00",
          "2025-12-11T22:00"
        ]
      },
      {
        "title": "Eternity (2025)",
        "showtimes": [
          "2025-12-11T12:40",
          "2025-12-11T15:20",
          "2025-12-11T18:05",
          "2025-12-11T20:55"
        ]
      },
      {
        "title": "Hamnet (2025)",
        "showtimes": [
          "2025-12-11T11:20",
          "2025-12-11T14:25",
          "2025-12-11T17:35",
          "2025-12-11T20:40"
        ]
      },
      {
        "title": "Zootopia 2 (2025)",
        "showtimes": [
          "2025-12-11T13:20",
          "2025-12-11T16:20",
          "2025-12-11T14:20",
          "2025-12-11T17:05",
          "2025-12-11T19:45",
          "2025-12-11T22:25",
          "2025-12-11T13:35",
          "2025-12-11T19:30",
          "2025-12-11T12:55",
          "2025-12-11T18:30",
          "2025-12-11T12:10",
          "2025-12-11T14:55",
          "2025-12-11T15:40",
          "2025-12-11T17:40",
          "2025-12-11T21:10"
        ]
      },
      {
        "title": "Rental Family (2025)",
        "showtimes": [
          "2025-12-11T11:10",
          "2025-12-11T13:15",
          "2025-12-11T22:45"
        ]
      },
      {
        "title": "Sisu: Road to Revenge (2025)",
        "showtimes": [
          "2025-12-11T11:40",
          "2025-12-11T21:30"
        ]
      },
      {
        "title": "Wicked: For Good (2025)",
        "showtimes": [
          "2025-12-11T21:45",
          "2025-12-11T11:00",
          "2025-12-11T16:15",
          "2025-12-11T22:35",
          "2025-12-11T14:00",
          "2025-12-11T11:15",
          "2025-12-11T12:00",
          "2025-12-11T15:15",
          "2025-12-11T17:30",
          "2025-12-11T18:45",
          "2025-12-11T20:45",
          "2025-12-11T22:00",
          "2025-12-11T14:30",
          "2025-12-11T18:00",
          "2025-12-11T21:30"
        ]
      },
      {
        "title": "Now You See Me: Now You Don't (2025)",
        "showtimes": [
          "2025-12-11T13:10",
          "2025-12-11T16:05",
          "2025-12-11T18:55",
          "2025-12-11T21:50"
        ]
      },
      {
        "title": "The Running Man (2025)",
        "showtimes": [
          "2025-12-11T11:35"
        ]
      },
      {
        "title": "Nuremberg (2025)",
        "showtimes": [
          "2025-12-11T11:40",
          "2025-12-11T15:15",
          "2025-12-11T18:40",
          "2025-12-11T22:25"
        ]
      },
      {
        "title": "Predator: Badlands (2025)",
        "showtimes": [
          "2025-12-11T11:05",
          "2025-12-11T16:05",
          "2025-12-11T21:20"
        ]
      },
      {
        "title": "Chainsaw Man - The Movie: Reze Arc (2025)",
        "showtimes": [
          "2025-12-11T13:25",
          "2025-12-11T18:40"
        ]
      },
      {
        "title": "One Battle After Another (2025)",
        "showtimes": [
          "2025-12-11T14:45",
          "2025-12-11T21:50"
        ]
      },
      {
        "title": "Demon Slayer: Kimetsu no Yaiba Infinity Castle (2025)",
        "showtimes": [
          "2025-12-11T18:20"
        ]
      },
      {
        "title": "Sentimental Value (2025)",
        "showtimes": [
          "2025-12-11T11:30"
        ]
      }
    ]
  },
  {
    "theater_name": "Starlight Lakewood Center",
    "address": "5200 Faculty Ave.\nLakewood, CA 90712",
    "movies": [
      {
        "title": "Ella McCay (2025)",
        "showtimes": [
          "2025-12-11T14:00",
          "2025-12-11T16:45",
          "2025-12-11T19:30",
          "2025-12-11T22:15"
        ]
      },
      {
        "title": "Silent Night, Deadly Night (2025)",
        "showtimes": [
          "2025-12-11T17:00",
          "2025-12-11T19:30",
          "2025-12-11T22:00"
        ]
      },
      {
        "title": "Fackham Hall (2025)",
        "showtimes": [
          "2025-12-11T11:35",
          "2025-12-11T14:05",
          "2025-12-11T16:35",
          "2025-12-11T19:05",
          "2025-12-11T21:35"
        ]
      },
      {
        "title": "Five Nights at Freddy's 2 (2025)",
        "showtimes": [
          "2025-12-11T11:25",
          "2025-12-11T12:50",
          "2025-12-11T14:00",
          "2025-12-11T15:25",
          "2025-12-11T16:35",
          "2025-12-11T18:10",
          "2025-12-11T19:10",
          "2025-12-11T20:45",
          "2025-12-11T21:45"
        ]
      },
      {
        "title": "Kill Bill: The Whole Bloody Affair",
        "showtimes": [
          "2025-12-11T13:55",
          "2025-12-11T19:20"
        ]
      },
      {
        "title": "Eternity (2025)",
        "showtimes": [
          "2025-12-11T11:05",
          "2025-12-11T13:50",
          "2025-12-11T16:35",
          "2025-12-11T19:20",
          "2025-12-11T22:05"
        ]
      },
      {
        "title": "Zootopia 2 (2025)",
        "showtimes": [
          "2025-12-11T11:00",
          "2025-12-11T13:40",
          "2025-12-11T16:20",
          "2025-12-11T12:00",
          "2025-12-11T13:00",
          "2025-12-11T14:40",
          "2025-12-11T15:40",
          "2025-12-11T17:20",
          "2025-12-11T18:20",
          "2025-12-11T19:00",
          "2025-12-11T20:00",
          "2025-12-11T21:00",
          "2025-12-11T21:40"
        ]
      },
      {
        "title": "Rental Family (2025)",
        "showtimes": [
          "2025-12-11T11:20",
          "2025-12-11T14:00",
          "2025-12-11T16:40",
          "2025-12-11T19:20"
        ]
      },
      {
        "title": "Sisu: Road to Revenge (2025)",
        "showtimes": [
          "2025-12-11T11:15"
        ]
      },
      {
        "title": "Wicked: For Good (2025)",
        "showtimes": [
          "2025-12-11T19:10",
          "2025-12-11T22:20",
          "2025-12-11T11:00",
          "2025-12-11T11:55",
          "2025-12-11T14:25",
          "2025-12-11T15:25",
          "2025-12-11T18:10",
          "2025-12-11T21:20"
        ]
      },
      {
        "title": "Keeper (2025)",
        "showtimes": [
          "2025-12-11T11:25",
          "2025-12-11T21:50"
        ]
      },
      {
        "title": "Now You See Me: Now You Don't (2025)",
        "showtimes": [
          "2025-12-11T11:10",
          "2025-12-11T13:55",
          "2025-12-11T16:40",
          "2025-12-11T19:25",
          "2025-12-11T22:10"
        ]
      },
      {
        "title": "The Running Man (2025)",
        "showtimes": [
          "2025-12-11T13:35"
        ]
      },
      {
        "title": "Predator: Badlands (2025)",
        "showtimes": [
          "2025-12-11T11:10",
          "2025-12-11T13:50",
          "2025-12-11T16:30",
          "2025-12-11T19:10",
          "2025-12-11T21:50"
        ]
      },
      {
        "title": "Sarah's Oil (2025)",
        "showtimes": [
          "2025-12-11T11:50",
          "2025-12-11T14:25",
          "2025-12-11T17:00",
          "2025-12-11T19:35",
          "2025-12-11T22:10"
        ]
      },
      {
        "title": "Black Phone 2 (2025)",
        "showtimes": [
          "2025-12-11T11:15"
        ]
      }
    ]
  },
  {
    "theater_name": "West Grove Cinemas",
    "address": "12111 Valley View St.\nGarden Grove, CA 92845",
    "movies": [
      {
        "title": "Five Nights at Freddy's 2 (2025)",
        "showtimes": [
          "2025-12-11T11:25",
          "2025-12-11T14:00",
          "2025-12-11T16:35",
          "2025-12-11T19:10",
          "2025-12-11T21:45"
        ]
      },
      {
        "title": "Zootopia 2 (2025)",
        "showtimes": [
          "2025-12-11T11:00",
          "2025-12-11T13:40",
          "2025-12-11T16:20",
          "2025-12-11T19:00",
          "2025-12-11T21:40"
        ]
      },
      {
        "title": "Wicked: For Good (2025)",
        "showtimes": [
          "2025-12-11T11:55",
          "2025-12-11T15:25",
          "2025-12-11T19:05",
          "2025-12-11T22:05"
        ]
      }
    ]
  },
  {
    "theater_name": "Harkins Cerritos 16",
    "address": "600 Los Cerritos Mall\nCerritos, CA 90703",
    "movies": [
      {
        "title": "Ella McCay (2025)",
        "showtimes": [
          "2025-12-11T14:00",
          "2025-12-11T16:40",
          "2025-12-11T19:15"
        ]
      },
      {
        "title": "The Cure: The Show of a Lost World (2025)",
        "showtimes": [
          "2025-12-11T19:15"
        ]
      },
      {
        "title": "Fackham Hall (2025)",
        "showtimes": [
          "2025-12-11T15:40",
          "2025-12-11T18:00"
        ]
      },
      {
        "title": "Five Nights at Freddy's 2 (2025)",
        "showtimes": [
          "2025-12-11T19:00",
          "2025-12-11T21:40",
          "2025-12-11T12:40",
          "2025-12-11T14:30",
          "2025-12-11T15:20",
          "2025-12-11T17:00",
          "2025-12-11T18:00",
          "2025-12-11T19:30",
          "2025-12-11T20:40"
        ]
      },
      {
        "title": "JUJUTSU KAISEN: Execution (2025)",
        "showtimes": [
          "2025-12-11T12:00",
          "2025-12-11T16:20",
          "2025-12-11T20:40",
          "2025-12-11T14:10",
          "2025-12-11T18:30"
        ]
      },
      {
        "title": "Kill Bill: The Whole Bloody Affair",
        "showtimes": [
          "2025-12-11T12:40",
          "2025-12-11T18:15"
        ]
      },
      {
        "title": "Eternity (2025)",
        "showtimes": [
          "2025-12-11T13:25",
          "2025-12-11T14:35",
          "2025-12-11T18:00",
          "2025-12-11T21:50"
        ]
      },
      {
        "title": "Hamnet (2025)",
        "showtimes": [
          "2025-12-11T12:55",
          "2025-12-11T15:40",
          "2025-12-11T18:30",
          "2025-12-11T21:15"
        ]
      },
      {
        "title": "Zootopia 2 (2025)",
        "showtimes": [
          "2025-12-11T12:25",
          "2025-12-11T12:00",
          "2025-12-11T13:35",
          "2025-12-11T14:30",
          "2025-12-11T15:00",
          "2025-12-11T16:00",
          "2025-12-11T18:00",
          "2025-12-11T20:30"
        ]
      },
      {
        "title": "Rental Family (2025)",
        "showtimes": [
          "2025-12-11T12:00",
          "2025-12-11T20:35"
        ]
      },
      {
        "title": "Wicked: For Good (2025)",
        "showtimes": [
          "2025-12-11T12:10",
          "2025-12-11T15:10",
          "2025-12-11T16:00",
          "2025-12-11T18:10",
          "2025-12-11T19:00",
          "2025-12-11T21:10"
        ]
      },
      {
        "title": "Now You See Me: Now You Don't (2025)",
        "showtimes": [
          "2025-12-11T12:30",
          "2025-12-11T15:15",
          "2025-12-11T19:35",
          "2025-12-11T22:00"
        ]
      },
      {
        "title": "The Running Man (2025)",
        "showtimes": [
          "2025-12-11T12:25",
          "2025-12-11T15:20",
          "2025-12-11T18:20",
          "2025-12-11T21:15"
        ]
      },
      {
        "title": "Predator: Badlands (2025)",
        "showtimes": [
          "2025-12-11T12:05",
          "2025-12-11T13:10",
          "2025-12-11T17:10",
          "2025-12-11T20:20",
          "2025-12-11T22:00"
        ]
      }
    ]
  },
  {
    "theater_name": "Regency Westminster 10",
    "address": "6721 Westminster Blvd.\nWestminster, CA 92683",
    "movies": [
      {
        "title": "Five Nights at Freddy's 2 (2025)",
        "showtimes": [
          "2025-12-11T12:00",
          "2025-12-11T14:30",
          "2025-12-11T15:45",
          "2025-12-11T17:00",
          "2025-12-11T18:15",
          "2025-12-11T19:30",
          "2025-12-11T13:00"
        ]
      },
      {
        "title": "Eternity (2025)",
        "showtimes": [
          "2025-12-11T14:00",
          "2025-12-11T16:40",
          "2025-12-11T19:20"
        ]
      },
      {
        "title": "Zootopia 2 (2025)",
        "showtimes": [
          "2025-12-11T12:20",
          "2025-12-11T13:40",
          "2025-12-11T16:20",
          "2025-12-11T17:40",
          "2025-12-11T19:00",
          "2025-12-11T15:00"
        ]
      },
      {
        "title": "Rental Family (2025)",
        "showtimes": [
          "2025-12-11T14:05",
          "2025-12-11T16:55",
          "2025-12-11T19:40"
        ]
      },
      {
        "title": "Wicked: For Good (2025)",
        "showtimes": [
          "2025-12-11T12:10",
          "2025-12-11T15:35",
          "2025-12-11T18:45"
        ]
      },
      {
        "title": "Now You See Me: Now You Don't (2025)",
        "showtimes": [
          "2025-12-11T13:50",
          "2025-12-11T16:30",
          "2025-12-11T19:10"
        ]
      },
      {
        "title": "Predator: Badlands (2025)",
        "showtimes": [
          "2025-12-11T14:10",
          "2025-12-11T16:50",
          "2025-12-11T19:45"
        ]
      },
      {
        "title": "Chainsaw Man - The Movie: Reze Arc (2025)",
        "showtimes": [
          "2025-12-11T14:20",
          "2025-12-11T19:50",
          "2025-12-11T17:05"
        ]
      }
    ]
  },
  {
    "theater_name": "Regal Edwards Cerritos",
    "address": "12761 Towne Center Drive\nCerritos, CA 90701",
    "movies": [
      {
        "title": "The Christmas Chronicles: Part Two",
        "showtimes": [
          "2025-12-11T12:45",
          "2025-12-11T18:45"
        ]
      },
      {
        "title": "Ella McCay (2025)",
        "showtimes": [
          "2025-12-11T14:30",
          "2025-12-11T17:25",
          "2025-12-11T20:20"
        ]
      },
      {
        "title": "Five Nights at Freddy's 2 (2025)",
        "showtimes": [
          "2025-12-11T12:30",
          "2025-12-11T15:15",
          "2025-12-11T18:00",
          "2025-12-11T20:45",
          "2025-12-11T13:30",
          "2025-12-11T16:15",
          "2025-12-11T19:00",
          "2025-12-11T21:50"
        ]
      },
      {
        "title": "JUJUTSU KAISEN: Execution (2025)",
        "showtimes": [
          "2025-12-11T12:05",
          "2025-12-11T17:00",
          "2025-12-11T21:55",
          "2025-12-11T14:35",
          "2025-12-11T19:30"
        ]
      },
      {
        "title": "Merrily We Roll Along (2025)",
        "showtimes": [
          "2025-12-11T15:00",
          "2025-12-11T19:00"
        ]
      },
      {
        "title": "Eternity (2025)",
        "showtimes": [
          "2025-12-11T12:15"
        ]
      },
      {
        "title": "Zootopia 2 (2025)",
        "showtimes": [
          "2025-12-11T13:10",
          "2025-12-11T12:10",
          "2025-12-11T15:00",
          "2025-12-11T16:00",
          "2025-12-11T17:50",
          "2025-12-11T18:50",
          "2025-12-11T20:40",
          "2025-12-11T21:40"
        ]
      },
      {
        "title": "Wicked: For Good (2025)",
        "showtimes": [
          "2025-12-11T12:00",
          "2025-12-11T15:20",
          "2025-12-11T18:40",
          "2025-12-11T22:00"
        ]
      },
      {
        "title": "Now You See Me: Now You Don't (2025)",
        "showtimes": [
          "2025-12-11T15:45",
          "2025-12-11T21:45"
        ]
      },
      {
        "title": "Predator: Badlands (2025)",
        "showtimes": [
          "2025-12-11T11:55"
        ]
      }
    ]
  },
  {
    "theater_name": "Cinemark Century Huntington Beach and XD",
    "address": "7777 Edinger Ave. Suite 170\nHuntington Beach, CA 92647",
    "movies": [
      {
        "title": "Ella McCay (2025)",
        "showtimes": [
          "2025-12-11T14:00",
          "2025-12-11T17:00",
          "2025-12-11T19:50",
          "2025-12-11T22:05"
        ]
      },
      {
        "title": "Silent Night, Deadly Night (2025)",
        "showtimes": [
          "2025-12-11T17:00",
          "2025-12-11T19:35",
          "2025-12-11T22:05"
        ]
      },
      {
        "title": "The Cure: The Show of a Lost World (2025)",
        "showtimes": [
          "2025-12-11T19:30"
        ]
      },
      {
        "title": "Five Nights at Freddy's 2 (2025)",
        "showtimes": [
          "2025-12-11T12:00",
          "2025-12-11T14:40",
          "2025-12-11T17:20",
          "2025-12-11T20:00",
          "2025-12-11T22:40"
        ]
      },
      {
        "title": "Kill Bill: The Whole Bloody Affair",
        "showtimes": [
          "2025-12-11T18:00"
        ]
      },
      {
        "title": "Merrily We Roll Along (2025)",
        "showtimes": [
          "2025-12-11T19:00"
        ]
      },
      {
        "title": "Wedding Crashers 20th Anniversary",
        "showtimes": [
          "2025-12-11T16:30",
          "2025-12-11T19:15",
          "2025-12-11T22:00"
        ]
      },
      {
        "title": "Zootopia 2 (2025)",
        "showtimes": [
          "2025-12-11T10:25",
          "2025-12-11T10:20",
          "2025-12-11T12:35",
          "2025-12-11T15:15",
          "2025-12-11T17:55",
          "2025-12-11T20:35",
          "2025-12-11T23:15"
        ]
      },
      {
        "title": "Wicked: For Good (2025)",
        "showtimes": [
          "2025-12-11T10:30",
          "2025-12-11T13:40",
          "2025-12-11T16:50",
          "2025-12-11T20:00",
          "2025-12-11T22:40"
        ]
      }
    ]
  },
  {
    "theater_name": "Krikorian Premiere Theatres",
    "address": "8290 La Palma Ave.\nBuena Park, CA 90620",
    "movies": [
      {
        "title": "Silent Night, Deadly Night (2025)",
        "showtimes": [
          "2025-12-11T17:00",
          "2025-12-11T19:30",
          "2025-12-11T22:00"
        ]
      }
    ]
  }
]