[
  {
    "theater_name": "AMC Marina Pacifica 12",
    "address": "6346 E. Pacific Coast Hwy.\nLong Beach, CA 90803",
    "movies": [
      {
        "title": "Fackham Hall (2025)",
        "showtimes": []
      },
      {
        "title": "Five Nights at Freddy's 2 (2025)",
        "showtimes": [
          "2025-12-07T18:15",
          "2025-12-07T19:00",
          "2025-12-07T21:15",
          "2025-12-07T21:55"
        ]
      },
      {
        "title": "JUJUTSU KAISEN: Execution (2025)",
        "showtimes": [
          "2025-12-07T22:05",
          "2025-12-07T19:20"
        ]
      },
      {
        "title": "Kill Bill: The Whole Bloody Affair",
        "showtimes": [
          "2025-12-07T19:00"
        ]
      },
      {
        "title": "Eternity (2025)",
        "showtimes": [
          "2025-12-07T19:05",
          "2025-12-07T22:05"
        ]
      },
      {
        "title": "Hamnet (2025)",
        "showtimes": [
          "2025-12-07T18:40",
          "2025-12-07T21:50"
        ]
      },
      {
        "title": "Zootopia 2 (2025)",
        "showtimes": [
          "2025-12-07T18:35",
          "2025-12-07T19:25",
          "2025-12-07T21:40"
        ]
      },
      {
        "title": "Rental Family (2025)",
        "showtimes": [
          "2025-12-07T19:25",
          "2025-12-07T22:15"
        ]
      },
      {
        "title": "Wicked: For Good (2025)",
        "showtimes": [
          "2025-12-07T19:20",
          "2025-12-07T18:30",
          "2025-12-07T21:55"
        ]
      },
      {
        "title": "Now You See Me: Now You Don't (2025)",
        "showtimes": [
          "2025-12-07T19:30",
          "2025-12-07T22:15"
        ]
      },
      {
        "title": "Predator: Badlands (2025)",
        "showtimes": [
          "2025-12-07T22:15"
        ]
      }
    ]
  },
  {
    "theater_name": "Cinemark At The Pike Outlets and XD",
    "address": "99 South Pine Avenue\nLong Beach, CA 90802",
    "movies": [
      {
        "title": "Five Nights at Freddy's 2 (2025)",
        "showtimes": [
          "2025-12-07T19:50",
          "2025-12-07T22:30",
          "2025-12-07T18:00",
          "2025-12-07T19:00",
          "2025-12-07T20:40",
          "2025-12-07T21:20",
          "2025-12-07T21:40",
          "2025-12-07T22:55",
          "2025-12-07T23:20"
        ]
      },
      {
        "title": "JUJUTSU KAISEN: Execution (2025)",
        "showtimes": [
          "2025-12-07T18:45",
          "2025-12-07T21:10"
        ]
      },
      {
        "title": "Kill Bill: The Whole Bloody Affair",
        "showtimes": []
      },
      {
        "title": "Eternity (2025)",
        "showtimes": [
          "2025-12-07T19:40",
          "2025-12-07T22:30"
        ]
      },
      {
        "title": "Zootopia 2 (2025)",
        "showtimes": [
          "2025-12-07T20:00",
          "2025-12-07T20:00",
          "2025-12-07T18:05",
          "2025-12-07T18:30",
          "2025-12-07T19:15",
          "2025-12-07T21:15",
          "2025-12-07T22:00"
        ]
      },
      {
        "title": "Wicked: For Good (2025)",
        "showtimes": [
          "2025-12-07T22:45",
          "2025-12-07T22:45",
          "2025-12-07T19:35",
          "2025-12-07T19:35",
          "2025-12-07T20:30"
        ]
      },
      {
        "title": "Now You See Me: Now You Don't (2025)",
        "showtimes": [
          "2025-12-07T18:20",
          "2025-12-07T21:50"
        ]
      },
      {
        "title": "The Running Man (2025)",
        "showtimes": [
          "2025-12-07T19:05",
          "2025-12-07T22:20"
        ]
      },
      {
        "title": "Predator: Badlands (2025)",
        "showtimes": [
          "2025-12-07T20:10",
          "2025-12-07T23:00"
        ]
      }
    ]
  },
  {
    "theater_name": "Regal Edwards Long Beach ScreenX & IMAX",
    "address": "7501 East Carson St.\nLong Beach, CA 90808",
    "movies": [
      {
        "title": "Dhurandhar (2025)",
        "showtimes": [
          "2025-12-07T22:05"
        ]
      },
      {
        "title": "Fackham Hall (2025)",
        "showtimes": [
          "2025-12-07T19:25",
          "2025-12-07T22:45"
        ]
      },
      {
        "title": "Five Nights at Freddy's 2 (2025)",
        "showtimes": [
          "2025-12-07T18:20",
          "2025-12-07T18:50",
          "2025-12-07T19:20",
          "2025-12-07T20:05",
          "2025-12-07T21:05",
          "2025-12-07T22:10",
          "2025-12-07T22:45"
        ]
      },
      {
        "title": "JUJUTSU KAISEN: Execution (2025)",
        "showtimes": [
          "2025-12-07T20:20",
          "2025-12-07T22:20",
          "2025-12-07T19:50",
          "2025-12-07T22:45"
        ]
      },
      {
        "title": "Kill Bill: The Whole Bloody Affair",
        "showtimes": [
          "2025-12-07T20:10"
        ]
      },
      {
        "title": "Merrily We Roll Along (2025)",
        "showtimes": [
          "2025-12-07T19:00"
        ]
      },
      {
        "title": "Eternity (2025)",
        "showtimes": [
          "2025-12-07T18:05",
          "2025-12-07T20:55"
        ]
      },
      {
        "title": "Hamnet (2025)",
        "showtimes": [
          "2025-12-07T20:40"
        ]
      },
      {
        "title": "Zootopia 2 (2025)",
        "showtimes": [
          "2025-12-07T19:45",
          "2025-12-07T22:25",
          "2025-12-07T19:30",
          "2025-12-07T18:25",
          "2025-12-07T21:10",
          "2025-12-07T21:55"
        ]
      },
      {
        "title": "Rental Family (2025)",
        "showtimes": [
          "2025-12-07T22:25"
        ]
      },
      {
        "title": "Sisu: Road to Revenge (2025)",
        "showtimes": [
          "2025-12-07T20:00"
        ]
      },
      {
        "title": "Wicked: For Good (2025)",
        "showtimes": [
          "2025-12-07T19:00",
          "2025-12-07T22:15",
          "2025-12-07T22:30",
          "2025-12-07T18:45",
          "2025-12-07T20:45",
          "2025-12-07T22:00",
          "2025-12-07T18:00",
          "2025-12-07T21:30"
        ]
      },
      {
        "title": "Now You See Me: Now You Don't (2025)",
        "showtimes": [
          "2025-12-07T18:55",
          "2025-12-07T21:50"
        ]
      },
      {
        "title": "The Running Man (2025)",
        "showtimes": [
          "2025-12-07T22:15"
        ]
      },
      {
        "title": "Nuremberg (2025)",
        "showtimes": [
          "2025-12-07T19:15",
          "2025-12-07T22:20"
        ]
      },
      {
        "title": "Predator: Badlands (2025)",
        "showtimes": [
          "2025-12-07T19:10",
          "2025-12-07T22:35"
        ]
      },
      {
        "title": "Chainsaw Man - The Movie: Reze Arc (2025)",
        "showtimes": [
          "2025-12-07T18:40",
          "2025-12-07T21:20"
        ]
      },
      {
        "title": "Black Phone 2 (2025)",
        "showtimes": [
          "2025-12-07T19:55",
          "2025-12-07T22:40"
        ]
      },
      {
        "title": "One Battle After Another (2025)",
        "showtimes": [
          "2025-12-07T18:35"
        ]
      },
      {
        "title": "Demon Slayer: Kimetsu no Yaiba Infinity Castle (2025)",
        "showtimes": [
          "2025-12-07T22:40"
        ]
      }
    ]
  },
  {
    "theater_name": "Starlight Lakewood Center",
    "address": "5200 Faculty Ave.\nLakewood, CA 90712",
    "movies": [
      {
        "title": "Fackham Hall (2025)",
        "showtimes": [
          "2025-12-07T19:05",
          "2025-12-07T21:35"
        ]
      },
      {
        "title": "Five Nights at Freddy's 2 (2025)",
        "showtimes": [
          "2025-12-07T18:10",
          "2025-12-07T19:20",
          "2025-12-07T20:45",
          "2025-12-07T21:45"
        ]
      },
      {
        "title": "Kill Bill: The Whole Bloody Affair",
        "showtimes": [
          "2025-12-07T19:20"
        ]
      },
      {
        "title": "Eternity (2025)",
        "showtimes": [
          "2025-12-07T19:20",
          "2025-12-07T22:05"
        ]
      },
      {
        "title": "Zootopia 2 (2025)",
        "showtimes": [
          "2025-12-07T18:20",
          "2025-12-07T19:00",
          "2025-12-07T20:00",
          "2025-12-07T21:00",
          "2025-12-07T21:40"
        ]
      },
      {
        "title": "Rental Family (2025)",
        "showtimes": [
          "2025-12-07T19:20"
        ]
      },
      {
        "title": "Sisu: Road to Revenge (2025)",
        "showtimes": [
          "2025-12-07T22:05"
        ]
      },
      {
        "title": "Wicked: For Good (2025)",
        "showtimes": [
          "2025-12-07T19:10",
          "2025-12-07T22:20",
          "2025-12-07T18:10",
          "2025-12-07T21:20"
        ]
      },
      {
        "title": "Keeper (2025)",
        "showtimes": [
          "2025-12-07T21:50"
        ]
      },
      {
        "title": "Now You See Me: Now You Don't (2025)",
        "showtimes": [
          "2025-12-07T19:25",
          "2025-12-07T22:10"
        ]
      },
      {
        "title": "The Running Man (2025)",
        "showtimes": [
          "2025-12-07T19:00"
        ]
      },
      {
        "title": "Predator: Badlands (2025)",
        "showtimes": [
          "2025-12-07T19:10",
          "2025-12-07T21:50"
        ]
      },
      {
        "title": "Sarah's Oil (2025)",
        "showtimes": [
          "2025-12-07T19:35",
          "2025-12-07T22:10"
        ]
      },
      {
        "title": "Regretting You (2025)",
        "showtimes": [
          "2025-12-07T19:30"
        ]
      },
      {
        "title": "Black Phone 2 (2025)",
        "showtimes": [
          "2025-12-07T22:15"
        ]
      }
    ]
  },
  {
    "theater_name": "West Grove Cinemas",
    "address": "12111 Valley View St.\nGarden Grove, CA 92845",
    "movies": [
      {
        "title": "Five Nights at Freddy's 2 (2025)",
        "showtimes": [
          "2025-12-07T19:10",
          "2025-12-07T21:45"
        ]
      },
      {
        "title": "Zootopia 2 (2025)",
        "showtimes": [
          "2025-12-07T19:00",
          "2025-12-07T21:40"
        ]
      },
      {
        "title": "Wicked: For Good (2025)",
        "showtimes": [
          "2025-12-07T19:05",
          "2025-12-07T22:05"
        ]
      }
    ]
  },
  {
    "theater_name": "Harkins Cerritos 16",
    "address": "600 Los Cerritos Mall\nCerritos, CA 90703",
    "movies": [
      {
        "title": "A Christmas Story (1983)",
        "showtimes": []
      },
      {
        "title": "Fackham Hall (2025)",
        "showtimes": [
          "2025-12-07T18:00"
        ]
      },
      {
        "title": "Five Nights at Freddy's 2 (2025)",
        "showtimes": [
          "2025-12-07T19:00",
          "2025-12-07T21:40",
          "2025-12-07T18:00",
          "2025-12-07T20:40",
          "2025-12-07T21:30",
          "2025-12-07T22:30"
        ]
      },
      {
        "title": "JUJUTSU KAISEN: Execution (2025)",
        "showtimes": [
          "2025-12-07T20:40",
          "2025-12-07T18:30"
        ]
      },
      {
        "title": "Kill Bill: The Whole Bloody Affair",
        "showtimes": [
          "2025-12-07T18:50"
        ]
      },
      {
        "title": "MONSTA X : CONNECT X IN CINEMAS (2025)",
        "showtimes": [
          "2025-12-07T19:20"
        ]
      },
      {
        "title": "Eternity (2025)",
        "showtimes": [
          "2025-12-07T18:00",
          "2025-12-07T21:55"
        ]
      },
      {
        "title": "Hamnet (2025)",
        "showtimes": [
          "2025-12-07T18:35",
          "2025-12-07T21:40"
        ]
      },
      {
        "title": "Zootopia 2 (2025)",
        "showtimes": [
          "2025-12-07T18:15",
          "2025-12-07T19:30",
          "2025-12-07T21:30",
          "2025-12-07T22:15"
        ]
      },
      {
        "title": "Rental Family (2025)",
        "showtimes": [
          "2025-12-07T20:35"
        ]
      },
      {
        "title": "Wicked: For Good (2025)",
        "showtimes": [
          "2025-12-07T19:25",
          "2025-12-07T21:00",
          "2025-12-07T22:00"
        ]
      },
      {
        "title": "Now You See Me: Now You Don't (2025)",
        "showtimes": [
          "2025-12-07T19:20"
        ]
      },
      {
        "title": "The Running Man (2025)",
        "showtimes": [
          "2025-12-07T18:20",
          "2025-12-07T20:25"
        ]
      },
      {
        "title": "Predator: Badlands (2025)",
        "showtimes": [
          "2025-12-07T20:20",
          "2025-12-07T21:25"
        ]
      },
      {
        "title": "Spirited Away - Studio Ghibli Fest 2025",
        "showtimes": [
          "2025-12-07T19:00"
        ]
      },
      {
        "title": "The Polar Express",
        "showtimes": [
          "2025-12-07T19:05"
        ]
      }
    ]
  },
  {
    "theater_name": "Regency Westminster 10",
    "address": "6721 Westminster Blvd.\nWestminster, CA 92683",
    "movies": [
      {
        "title": "Five Nights at Freddy's 2 (2025)",
        "showtimes": [
          "2025-12-07T18:15",
          "2025-12-07T19:10",
          "2025-12-07T19:30"
        ]
      },
      {
        "title": "Eternity (2025)",
        "showtimes": [
          "2025-12-07T19:20"
        ]
      },
      {
        "title": "Zootopia 2 (2025)",
        "showtimes": [
          "2025-12-07T19:00"
        ]
      },
      {
        "title": "Rental Family (2025)",
        "showtimes": [
          "2025-12-07T19:40"
        ]
      },
      {
        "title": "Wicked: For Good (2025)",
        "showtimes": [
          "2025-12-07T18:45"
        ]
      },
      {
        "title": "Now You See Me: Now You Don't (2025)",
        "showtimes": []
      },
      {
        "title": "Predator: Badlands (2025)",
        "showtimes": [
          "2025-12-07T19:45"
        ]
      },
      {
        "title": "Chainsaw Man - The Movie: Reze Arc (2025)",
        "showtimes": [
          "2025-12-07T19:50"
        ]
      }
    ]
  },
  {
    "theater_name": "Regal Edwards Cerritos",
    "address": "12761 Towne Center Drive\nCerritos, CA 90701",
    "movies": [
      {
        "title": "Five Nights at Freddy's 2 (2025)",
        "showtimes": [
          "2025-12-07T19:15",
          "2025-12-07T22:00",
          "2025-12-07T18:00",
          "2025-12-07T18:30",
          "2025-12-07T20:00",
          "2025-12-07T20:45",
          "2025-12-07T21:20"
        ]
      },
      {
        "title": "JUJUTSU KAISEN: Execution (2025)",
        "showtimes": [
          "2025-12-07T21:40",
          "2025-12-07T19:05"
        ]
      },
      {
        "title": "Merrily We Roll Along (2025)",
        "showtimes": [
          "2025-12-07T19:00"
        ]
      },
      {
        "title": "Eternity (2025)",
        "showtimes": [
          "2025-12-07T22:15"
        ]
      },
      {
        "title": "Zootopia 2 (2025)",
        "showtimes": [
          "2025-12-07T18:25",
          "2025-12-07T19:30",
          "2025-12-07T21:15",
          "2025-12-07T22:20"
        ]
      },
      {
        "title": "Wicked: For Good (2025)",
        "showtimes": [
          "2025-12-07T19:00",
          "2025-12-07T22:15"
        ]
      },
      {
        "title": "Meet, Greet & Bye (2025)",
        "showtimes": [
          "2025-12-07T19:55"
        ]
      }
    ]
  },
  {
    "theater_name": "Cinemark Century Huntington Beach and XD",
    "address": "7777 Edinger Ave. Suite 170\nHuntington Beach, CA 92647",
    "movies": [
      {
        "title": "André Rieu's 2025 Christmas Concert: Merry Christmas",
        "showtimes": []
      },
      {
        "title": "Dhurandhar (2025)",
        "showtimes": [
          "2025-12-07T21:50"
        ]
      },
      {
        "title": "Fackham Hall (2025)",
        "showtimes": [
          "2025-12-07T20:40",
          "2025-12-07T23:05"
        ]
      },
      {
        "title": "Five Nights at Freddy's 2 (2025)",
        "showtimes": [
          "2025-12-07T20:00",
          "2025-12-07T22:40",
          "2025-12-07T19:05",
          "2025-12-07T19:35",
          "2025-12-07T20:25",
          "2025-12-07T21:45",
          "2025-12-07T21:55",
          "2025-12-07T23:00"
        ]
      },
      {
        "title": "JUJUTSU KAISEN: Execution (2025)",
        "showtimes": [
          "2025-12-07T20:40",
          "2025-12-07T18:20",
          "2025-12-07T23:00"
        ]
      },
      {
        "title": "Kill Bill: The Whole Bloody Affair",
        "showtimes": []
      },
      {
        "title": "Merrily We Roll Along (2025)",
        "showtimes": [
          "2025-12-07T18:30"
        ]
      },
      {
        "title": "Eternity (2025)",
        "showtimes": [
          "2025-12-07T19:20",
          "2025-12-07T23:10"
        ]
      },
      {
        "title": "Hamnet (2025)",
        "showtimes": [
          "2025-12-07T19:45",
          "2025-12-07T22:50"
        ]
      },
      {
        "title": "Zootopia 2 (2025)",
        "showtimes": [
          "2025-12-07T19:55",
          "2025-12-07T19:55",
          "2025-12-07T18:05",
          "2025-12-07T18:20",
          "2025-12-07T19:15",
          "2025-12-07T20:20",
          "2025-12-07T20:45",
          "2025-12-07T21:35",
          "2025-12-07T22:00",
          "2025-12-07T23:15"
        ]
      },
      {
        "title": "Rental Family (2025)",
        "showtimes": []
      },
      {
        "title": "Wicked: For Good (2025)",
        "showtimes": [
          "2025-12-07T22:35",
          "2025-12-07T22:35",
          "2025-12-07T18:45",
          "2025-12-07T18:45",
          "2025-12-07T19:30",
          "2025-12-07T20:10",
          "2025-12-07T21:00",
          "2025-12-07T22:15"
        ]
      },
      {
        "title": "Now You See Me: Now You Don't (2025)",
        "showtimes": [
          "2025-12-07T20:30",
          "2025-12-07T23:15"
        ]
      },
      {
        "title": "The Running Man (2025)",
        "showtimes": [
          "2025-12-07T19:40",
          "2025-12-07T22:45"
        ]
      },
      {
        "title": "Predator: Badlands (2025)",
        "showtimes": [
          "2025-12-07T19:10",
          "2025-12-07T22:55"
        ]
      },
      {
        "title": "Hijacked (2025)",
        "showtimes": [
          "2025-12-07T22:05"
        ]
      },
      {
        "title": "Sentimental Value (2025)",
        "showtimes": []
      }
    ]
  },
  {
    "theater_name": "Krikorian Premiere Theatres",
    "address": "8290 La Palma Ave.\nBuena Park, CA 90620",
    "movies": [
      {
        "title": "Five Nights at Freddy's 2 (2025)",
        "showtimes": [
          "2025-12-07T18:45",
          "2025-12-07T21:20",
          "2025-12-07T19:15",
          "2025-12-07T19:45",
          "2025-12-07T21:50",
          "2025-12-07T22:20"
        ]
      },
      {
        "title": "JUJUTSU KAISEN: Execution (2025)",
        "showtimes": [
          "2025-12-07T18:50",
          "2025-12-07T21:15",
          "2025-12-07T19:50",
          "2025-12-07T22:25"
        ]
      },
      {
        "title": "Kill Bill: The Whole Bloody Affair",
        "showtimes": [
          "2025-12-07T18:15"
        ]
      },
      {
        "title": "Eternity (2025)",
        "showtimes": [
          "2025-12-07T19:20",
          "2025-12-07T22:00"
        ]
      },
      {
        "title": "Wake Up Dead Man: A Knives Out Mystery (2025)",
        "showtimes": [
          "2025-12-07T18:20",
          "2025-12-07T19:00",
          "2025-12-07T21:35",
          "2025-12-07T22:15"
        ]
      },
      {
        "title": "Zootopia 2 (2025)",
        "showtimes": [
          "2025-12-07T18:35",
          "2025-12-07T19:05",
          "2025-12-07T19:35",
          "2025-12-07T21:10",
          "2025-12-07T21:40",
          "2025-12-07T22:10"
        ]
      },
      {
        "title": "Wicked: For Good (2025)",
        "showtimes": [
          "2025-12-07T19:10",
          "2025-12-07T20:30",
          "2025-12-07T22:15"
        ]
      },
      {
        "title": "Now You See Me: Now You Don't (2025)",
        "showtimes": [
          "2025-12-07T19:35",
          "2025-12-07T22:10"
        ]
      },
      {
        "title": "Predator: Badlands (2025)",
        "showtimes": [
          "2025-12-07T19:25",
          "2025-12-07T22:05"
        ]
      },
      {
        "title": "Demon Slayer: Kimetsu no Yaiba Infinity Castle (2025)",
        "showtimes": [
          "2025-12-07T18:05",
          "2025-12-07T21:25"
        ]
      }
    ]
  }
]