[
  {
    "theater_name": "AMC Marina Pacifica 12",
    "address": "6346 E. Pacific Coast Hwy.\nLong Beach, CA 90803",
    "movies": [
      {
        "title": "Avatar: Fire and Ash (2025)",
        "showtimes": [
          "2025-12-19T11:30",
          "2025-12-19T12:15",
          "2025-12-19T16:00",
          "2025-12-19T16:45",
          "2025-12-19T20:30",
          "2025-12-19T21:15",
          "2025-12-19T10:45",
          "2025-12-19T15:15",
          "2025-12-19T19:45"
        ]
      },
      {
        "title": "David (2025)",
        "showtimes": [
          "2025-12-19T12:20",
          "2025-12-19T15:25",
          "2025-12-19T18:25",
          "2025-12-19T21:25"
        ]
      },
      {
        "title": "The Housemaid (2025)",
        "showtimes": [
          "2025-12-19T11:30",
          "2025-12-19T15:00",
          "2025-12-19T18:40",
          "2025-12-19T22:05"
        ]
      },
      {
        "title": "The SpongeBob Movie: Search for SquarePants (2025)",
        "showtimes": [
          "2025-12-19T14:00",
          "2025-12-19T19:35",
          "2025-12-19T11:00",
          "2025-12-19T16:50",
          "2025-12-19T22:20"
        ]
      }
    ]
  },
  {
    "theater_name": "Cinemark At The Pike Outlets and XD",
    "address": "99 South Pine Avenue\nLong Beach, CA 90802",
    "movies": [
      {
        "title": "Avatar: Fire and Ash (2025)",
        "showtimes": [
          "2025-12-19T10:30",
          "2025-12-19T14:45",
          "2025-12-19T19:00",
          "2025-12-19T23:15",
          "2025-12-19T10:30",
          "2025-12-19T14:45",
          "2025-12-19T19:00",
          "2025-12-19T23:15",
          "2025-12-19T09:30",
          "2025-12-19T13:45",
          "2025-12-19T18:00",
          "2025-12-19T22:15",
          "2025-12-19T09:30",
          "2025-12-19T13:45",
          "2025-12-19T18:00",
          "2025-12-19T22:15",
          "2025-12-19T10:00",
          "2025-12-19T14:15",
          "2025-12-19T18:30",
          "2025-12-19T22:45",
          "2025-12-19T08:30",
          "2025-12-19T10:00",
          "2025-12-19T12:45",
          "2025-12-19T14:15",
          "2025-12-19T18:30",
          "2025-12-19T22:45",
          "2025-12-19T17:00",
          "2025-12-19T21:15"
        ]
      },
      {
        "title": "The Housemaid (2025)",
        "showtimes": [
          "2025-12-19T09:10",
          "2025-12-19T12:20",
          "2025-12-19T15:30",
          "2025-12-19T18:40",
          "2025-12-19T21:50"
        ]
      },
      {
        "title": "The SpongeBob Movie: Search for SquarePants (2025)",
        "showtimes": [
          "2025-12-19T10:35",
          "2025-12-19T15:45",
          "2025-12-19T08:00",
          "2025-12-19T13:10",
          "2025-12-19T18:20",
          "2025-12-19T20:55",
          "2025-12-19T23:30"
        ]
      }
    ]
  },
  {
    "theater_name": "Regal Edwards Long Beach ScreenX & IMAX",
    "address": "7501 East Carson St.\nLong Beach, CA 90808",
    "movies": [
      {
        "title": "Avatar: Fire and Ash (2025)",
        "showtimes": [
          "2025-12-19T11:45",
          "2025-12-19T16:00",
          "2025-12-19T20:15",
          "2025-12-19T00:30",
          "2025-12-19T09:15",
          "2025-12-19T12:15",
          "2025-12-19T13:30",
          "2025-12-19T16:30",
          "2025-12-19T17:45",
          "2025-12-19T20:45",
          "2025-12-19T22:00",
          "2025-12-19T09:45",
          "2025-12-19T14:00",
          "2025-12-19T18:15",
          "2025-12-19T22:30",
          "2025-12-19T11:15",
          "2025-12-19T15:30",
          "2025-12-19T19:45",
          "2025-12-19T00:00",
          "2025-12-19T10:00",
          "2025-12-19T14:15",
          "2025-12-19T18:30",
          "2025-12-19T22:45"
        ]
      },
      {
        "title": "David (2025)",
        "showtimes": [
          "2025-12-19T10:20",
          "2025-12-19T13:20",
          "2025-12-19T16:20",
          "2025-12-19T19:20",
          "2025-12-19T22:20"
        ]
      },
      {
        "title": "The Housemaid (2025)",
        "showtimes": [
          "2025-12-19T10:05",
          "2025-12-19T13:10",
          "2025-12-19T16:25",
          "2025-12-19T19:35",
          "2025-12-19T22:45"
        ]
      },
      {
        "title": "The SpongeBob Movie: Search for SquarePants (2025)",
        "showtimes": [
          "2025-12-19T09:20",
          "2025-12-19T11:50",
          "2025-12-19T14:25",
          "2025-12-19T16:55",
          "2025-12-19T19:25",
          "2025-12-19T21:55"
        ]
      },
      {
        "title": "National Lampoon's Christmas Vacation",
        "showtimes": [
          "2025-12-19T11:35"
        ]
      }
    ]
  },
  {
    "theater_name": "Starlight Lakewood Center",
    "address": "5200 Faculty Ave.\nLakewood, CA 90712",
    "movies": [
      {
        "title": "Avatar: Fire and Ash (2025)",
        "showtimes": [
          "2025-12-19T12:05",
          "2025-12-19T16:10",
          "2025-12-19T20:20",
          "2025-12-19T11:00",
          "2025-12-19T15:10",
          "2025-12-19T19:20"
        ]
      },
      {
        "title": "The Housemaid (2025)",
        "showtimes": [
          "2025-12-19T11:00",
          "2025-12-19T13:50",
          "2025-12-19T16:35",
          "2025-12-19T19:20",
          "2025-12-19T22:20"
        ]
      },
      {
        "title": "The SpongeBob Movie: Search for SquarePants (2025)",
        "showtimes": [
          "2025-12-19T11:55",
          "2025-12-19T14:20",
          "2025-12-19T16:40",
          "2025-12-19T19:00",
          "2025-12-19T21:20"
        ]
      }
    ]
  },
  {
    "theater_name": "West Grove Cinemas",
    "address": "12111 Valley View St.\nGarden Grove, CA 92845",
    "movies": [
      {
        "title": "Avatar: Fire and Ash (2025)",
        "showtimes": [
          "2025-12-19T11:00",
          "2025-12-19T15:10",
          "2025-12-19T19:20"
        ]
      },
      {
        "title": "The SpongeBob Movie: Search for SquarePants (2025)",
        "showtimes": [
          "2025-12-19T11:55",
          "2025-12-19T14:20",
          "2025-12-19T16:40",
          "2025-12-19T19:00",
          "2025-12-19T21:20"
        ]
      }
    ]
  },
  {
    "theater_name": "Harkins Cerritos 16",
    "address": "600 Los Cerritos Mall\nCerritos, CA 90703",
    "movies": [
      {
        "title": "Avatar: Fire and Ash (2025)",
        "showtimes": [
          "2025-12-19T10:00",
          "2025-12-19T14:00",
          "2025-12-19T18:00",
          "2025-12-19T22:00",
          "2025-12-19T10:30",
          "2025-12-19T11:30",
          "2025-12-19T12:30",
          "2025-12-19T14:30",
          "2025-12-19T15:30",
          "2025-12-19T16:30",
          "2025-12-19T18:30",
          "2025-12-19T19:30",
          "2025-12-19T20:30",
          "2025-12-19T22:30",
          "2025-12-19T11:00",
          "2025-12-19T12:00",
          "2025-12-19T15:00",
          "2025-12-19T16:00",
          "2025-12-19T19:00",
          "2025-12-19T20:00",
          "2025-12-19T23:00"
        ]
      },
      {
        "title": "David (2025)",
        "showtimes": [
          "2025-12-19T12:30",
          "2025-12-19T15:15",
          "2025-12-19T18:00",
          "2025-12-19T20:45"
        ]
      },
      {
        "title": "The Housemaid (2025)",
        "showtimes": [
          "2025-12-19T10:10",
          "2025-12-19T13:10",
          "2025-12-19T16:05",
          "2025-12-19T19:15",
          "2025-12-19T22:20"
        ]
      },
      {
        "title": "The SpongeBob Movie: Search for SquarePants (2025)",
        "showtimes": [
          "2025-12-19T11:15",
          "2025-12-19T13:45",
          "2025-12-19T16:15",
          "2025-12-19T18:45",
          "2025-12-19T21:15"
        ]
      },
      {
        "title": "Elf",
        "showtimes": [
          "2025-12-19T19:10"
        ]
      },
      {
        "title": "Scrooged",
        "showtimes": [
          "2025-12-19T16:35"
        ]
      }
    ]
  },
  {
    "theater_name": "Regency Westminster 10",
    "address": "6721 Westminster Blvd.\nWestminster, CA 92683",
    "movies": [
      {
        "title": "Avatar: Fire and Ash (2025)",
        "showtimes": [
          "2025-12-19T11:30",
          "2025-12-19T15:30",
          "2025-12-19T19:30",
          "2025-12-19T11:00",
          "2025-12-19T12:00",
          "2025-12-19T15:00",
          "2025-12-19T16:00",
          "2025-12-19T19:00",
          "2025-12-19T20:00"
        ]
      },
      {
        "title": "David (2025)",
        "showtimes": [
          "2025-12-19T11:40",
          "2025-12-19T14:20",
          "2025-12-19T17:00"
        ]
      },
      {
        "title": "The SpongeBob Movie: Search for SquarePants (2025)",
        "showtimes": [
          "2025-12-19T11:30",
          "2025-12-19T13:50",
          "2025-12-19T16:20",
          "2025-12-19T18:40",
          "2025-12-19T21:00"
        ]
      }
    ]
  },
  {
    "theater_name": "Regal Edwards Cerritos",
    "address": "12761 Towne Center Drive\nCerritos, CA 90701",
    "movies": [
      {
        "title": "Avatar: Fire and Ash (2025)",
        "showtimes": [
          "2025-12-19T09:00",
          "2025-12-19T13:15",
          "2025-12-19T17:30",
          "2025-12-19T21:45",
          "2025-12-19T10:00",
          "2025-12-19T14:15",
          "2025-12-19T18:30",
          "2025-12-19T22:45",
          "2025-12-19T09:30",
          "2025-12-19T13:45",
          "2025-12-19T18:00",
          "2025-12-19T22:15"
        ]
      },
      {
        "title": "David (2025)",
        "showtimes": [
          "2025-12-19T09:15",
          "2025-12-19T12:10",
          "2025-12-19T15:05",
          "2025-12-19T17:55",
          "2025-12-19T20:50"
        ]
      },
      {
        "title": "The Housemaid (2025)",
        "showtimes": [
          "2025-12-19T09:50",
          "2025-12-19T13:00",
          "2025-12-19T16:10",
          "2025-12-19T19:15",
          "2025-12-19T22:20"
        ]
      },
      {
        "title": "The SpongeBob Movie: Search for SquarePants (2025)",
        "showtimes": [
          "2025-12-19T08:50",
          "2025-12-19T11:25",
          "2025-12-19T14:00",
          "2025-12-19T16:35",
          "2025-12-19T19:10",
          "2025-12-19T21:50"
        ]
      },
      {
        "title": "National Lampoon's Christmas Vacation",
        "showtimes": [
          "2025-12-19T12:00"
        ]
      }
    ]
  },
  {
    "theater_name": "Cinemark Century Huntington Beach and XD",
    "address": "7777 Edinger Ave. Suite 170\nHuntington Beach, CA 92647",
    "movies": [
      {
        "title": "Avatar: Fire and Ash (2025)",
        "showtimes": [
          "2025-12-19T10:00",
          "2025-12-19T14:10",
          "2025-12-19T18:20",
          "2025-12-19T22:30",
          "2025-12-19T10:00",
          "2025-12-19T14:10",
          "2025-12-19T18:20",
          "2025-12-19T22:30",
          "2025-12-19T08:15",
          "2025-12-19T12:25",
          "2025-12-19T16:35",
          "2025-12-19T20:45",
          "2025-12-19T08:15",
          "2025-12-19T12:25",
          "2025-12-19T16:35",
          "2025-12-19T20:45",
          "2025-12-19T07:50",
          "2025-12-19T11:55",
          "2025-12-19T16:05",
          "2025-12-19T20:15",
          "2025-12-19T07:50",
          "2025-12-19T10:25",
          "2025-12-19T11:55",
          "2025-12-19T14:35",
          "2025-12-19T16:05",
          "2025-12-19T18:45",
          "2025-12-19T20:15",
          "2025-12-19T22:55",
          "2025-12-19T08:00",
          "2025-12-19T11:00",
          "2025-12-19T15:10",
          "2025-12-19T19:20",
          "2025-12-19T22:40",
          "2025-12-19T23:30"
        ]
      },
      {
        "title": "David (2025)",
        "showtimes": [
          "2025-12-19T08:05",
          "2025-12-19T11:00",
          "2025-12-19T13:55",
          "2025-12-19T16:50",
          "2025-12-19T19:45",
          "2025-12-19T23:35"
        ]
      },
      {
        "title": "The Housemaid (2025)",
        "showtimes": [
          "2025-12-19T07:55",
          "2025-12-19T11:00",
          "2025-12-19T14:05",
          "2025-12-19T17:10",
          "2025-12-19T20:20",
          "2025-12-19T23:25"
        ]
      },
      {
        "title": "The SpongeBob Movie: Search for SquarePants (2025)",
        "showtimes": [
          "2025-12-19T07:55",
          "2025-12-19T08:30",
          "2025-12-19T09:30",
          "2025-12-19T12:00",
          "2025-12-19T14:30",
          "2025-12-19T17:00",
          "2025-12-19T19:30",
          "2025-12-19T22:00"
        ]
      }
    ]
  },
  {
    "theater_name": "Krikorian Premiere Theatres",
    "address": "8290 La Palma Ave.\nBuena Park, CA 90620",
    "movies": [
      {
        "title": "Avatar: Fire and Ash (2025)",
        "showtimes": [
          "2025-12-19T14:00",
          "2025-12-19T18:05",
          "2025-12-19T22:10",
          "2025-12-19T11:00",
          "2025-12-19T15:05",
          "2025-12-19T19:10",
          "2025-12-19T11:30",
          "2025-12-19T13:00",
          "2025-12-19T15:35",
          "2025-12-19T17:05",
          "2025-12-19T19:40",
          "2025-12-19T21:10"
        ]
      }
    ]
  }
]