[
  {
    "theater_name": "AMC Marina Pacifica 12",
    "address": "6346 E. Pacific Coast Hwy.\nLong Beach, CA 90803",
    "movies": [
      {
        "title": "Sense and Sensibility 30th Anniversary (2025)",
        "showtimes": [
          "2025-12-16T18:30"
        ]
      },
      {
        "title": "Ella McCay (2025)",
        "showtimes": [
          "2025-12-16T12:50",
          "2025-12-16T16:00",
          "2025-12-16T19:05",
          "2025-12-16T22:15"
        ]
      }
    ]
  },
  {
    "theater_name": "Cinemark At The Pike Outlets and XD",
    "address": "99 South Pine Avenue\nLong Beach, CA 90802",
    "movies": [
      {
        "title": "Dr. Seuss’ How the Grinch Stole Christmas (2000): 25th Anniversary",
        "showtimes": [
          "2025-12-16T10:30",
          "2025-12-16T13:00",
          "2025-12-16T15:30"
        ]
      },
      {
        "title": "Five Nights at Freddy's 2 (2025)",
        "showtimes": [
          "2025-12-16T10:30",
          "2025-12-16T13:10",
          "2025-12-16T15:50",
          "2025-12-16T18:30",
          "2025-12-16T21:10"
        ]
      },
      {
        "title": "Zootopia 2 (2025)",
        "showtimes": [
          "2025-12-16T13:20",
          "2025-12-16T21:35",
          "2025-12-16T10:35",
          "2025-12-16T16:05",
          "2025-12-16T18:50"
        ]
      },
      {
        "title": "Wicked: For Good (2025)",
        "showtimes": [
          "2025-12-16T10:45",
          "2025-12-16T14:00",
          "2025-12-16T17:15",
          "2025-12-16T20:30"
        ]
      }
    ]
  },
  {
    "theater_name": "Regal Edwards Long Beach ScreenX & IMAX",
    "address": "7501 East Carson St.\nLong Beach, CA 90808",
    "movies": [
      {
        "title": "The Case for Miracles",
        "showtimes": [
          "2025-12-16T19:00"
        ]
      },
      {
        "title": "Sense and Sensibility 30th Anniversary (2025)",
        "showtimes": [
          "2025-12-16T17:35"
        ]
      },
      {
        "title": "Dr. Seuss’ How the Grinch Stole Christmas (2000): 25th Anniversary",
        "showtimes": [
          "2025-12-16T17:00",
          "2025-12-16T11:05"
        ]
      },
      {
        "title": "Ella McCay (2025)",
        "showtimes": [
          "2025-12-16T11:10",
          "2025-12-16T14:10",
          "2025-12-16T17:10",
          "2025-12-16T20:05",
          "2025-12-16T22:50"
        ]
      },
      {
        "title": "Silent Night, Deadly Night (2025)",
        "showtimes": [
          "2025-12-16T17:05",
          "2025-12-16T19:40",
          "2025-12-16T22:15"
        ]
      },
      {
        "title": "Scrooged",
        "showtimes": [
          "2025-12-16T15:35",
          "2025-12-16T18:25"
        ]
      }
    ]
  },
  {
    "theater_name": "Starlight Lakewood Center",
    "address": "5200 Faculty Ave.\nLakewood, CA 90712",
    "movies": [
      {
        "title": "Ella McCay (2025)",
        "showtimes": [
          "2025-12-16T11:00",
          "2025-12-16T13:45",
          "2025-12-16T16:30",
          "2025-12-16T19:15",
          "2025-12-16T22:00"
        ]
      }
    ]
  },
  {
    "theater_name": "West Grove Cinemas",
    "address": "12111 Valley View St.\nGarden Grove, CA 92845",
    "movies": []
  },
  {
    "theater_name": "Harkins Cerritos 16",
    "address": "600 Los Cerritos Mall\nCerritos, CA 90703",
    "movies": [
      {
        "title": "Dr. Seuss’ How the Grinch Stole Christmas (2000): 25th Anniversary",
        "showtimes": [
          "2025-12-16T18:15"
        ]
      },
      {
        "title": "Ella McCay (2025)",
        "showtimes": [
          "2025-12-16T12:50",
          "2025-12-16T15:30",
          "2025-12-16T18:20",
          "2025-12-16T21:10"
        ]
      },
      {
        "title": "Elf",
        "showtimes": [
          "2025-12-16T19:00",
          "2025-12-16T19:20"
        ]
      }
    ]
  },
  {
    "theater_name": "Regency Westminster 10",
    "address": "6721 Westminster Blvd.\nWestminster, CA 92683",
    "movies": []
  },
  {
    "theater_name": "Regal Edwards Cerritos",
    "address": "12761 Towne Center Drive\nCerritos, CA 90701",
    "movies": [
      {
        "title": "The Case for Miracles",
        "showtimes": [
          "2025-12-16T19:00"
        ]
      },
      {
        "title": "Dr. Seuss’ How the Grinch Stole Christmas (2000): 25th Anniversary",
        "showtimes": [
          "2025-12-16T14:00"
        ]
      },
      {
        "title": "Ella McCay (2025)",
        "showtimes": [
          "2025-12-16T12:20",
          "2025-12-16T15:15",
          "2025-12-16T18:10",
          "2025-12-16T21:05"
        ]
      },
      {
        "title": "Scrooged",
        "showtimes": [
          "2025-12-16T14:10",
          "2025-12-16T19:10"
        ]
      }
    ]
  },
  {
    "theater_name": "Cinemark Century Huntington Beach and XD",
    "address": "7777 Edinger Ave. Suite 170\nHuntington Beach, CA 92647",
    "movies": [
      {
        "title": "The Case for Miracles",
        "showtimes": [
          "2025-12-16T19:30"
        ]
      },
      {
        "title": "Sense and Sensibility 30th Anniversary (2025)",
        "showtimes": [
          "2025-12-16T19:00"
        ]
      },
      {
        "title": "Dr. Seuss’ How the Grinch Stole Christmas (2000): 25th Anniversary",
        "showtimes": [
          "2025-12-16T10:20",
          "2025-12-16T12:50",
          "2025-12-16T15:20",
          "2025-12-16T17:50"
        ]
      },
      {
        "title": "Ella McCay (2025)",
        "showtimes": [
          "2025-12-16T11:00",
          "2025-12-16T13:50",
          "2025-12-16T16:40",
          "2025-12-16T19:30",
          "2025-12-16T22:20"
        ]
      },
      {
        "title": "Silent Night, Deadly Night (2025)",
        "showtimes": [
          "2025-12-16T10:30",
          "2025-12-16T13:00",
          "2025-12-16T15:30",
          "2025-12-16T18:00",
          "2025-12-16T20:30",
          "2025-12-16T23:10"
        ]
      },
      {
        "title": "Five Nights at Freddy's 2 (2025)",
        "showtimes": [
          "2025-12-16T12:00",
          "2025-12-16T14:40",
          "2025-12-16T17:20",
          "2025-12-16T20:00",
          "2025-12-16T22:40"
        ]
      },
      {
        "title": "Zootopia 2 (2025)",
        "showtimes": [
          "2025-12-16T10:25",
          "2025-12-16T10:20",
          "2025-12-16T12:15",
          "2025-12-16T14:55",
          "2025-12-16T17:35",
          "2025-12-16T20:15",
          "2025-12-16T22:55"
        ]
      },
      {
        "title": "Wicked: For Good (2025)",
        "showtimes": [
          "2025-12-16T10:30",
          "2025-12-16T13:40",
          "2025-12-16T16:50",
          "2025-12-16T20:00",
          "2025-12-16T23:00"
        ]
      }
    ]
  },
  {
    "theater_name": "Krikorian Premiere Theatres",
    "address": "8290 La Palma Ave.\nBuena Park, CA 90620",
    "movies": [
      {
        "title": "Silent Night, Deadly Night (2025)",
        "showtimes": [
          "2025-12-16T12:10",
          "2025-12-16T14:40",
          "2025-12-16T17:10",
          "2025-12-16T19:40",
          "2025-12-16T22:10"
        ]
      }
    ]
  }
]