[
  {
    "theater_name": "AMC Marina Pacifica 12",
    "address": "6346 E. Pacific Coast Hwy.\nLong Beach, CA 90803",
    "movies": [
      {
        "title": "The SpongeBob Movie: Search for SquarePants Early Access RealD 3D Fan Event (2025)",
        "showtimes": [
          "2025-12-17T17:00"
        ]
      },
      {
        "title": "Sense and Sensibility 30th Anniversary (2025)",
        "showtimes": [
          "2025-12-17T18:30"
        ]
      },
      {
        "title": "The Metropolitan Opera: Andrea Chénier (2025)",
        "showtimes": [
          "2025-12-17T13:00"
        ]
      },
      {
        "title": "Ella McCay (2025)",
        "showtimes": [
          "2025-12-17T12:50",
          "2025-12-17T16:00",
          "2025-12-17T19:05",
          "2025-12-17T22:15"
        ]
      },
      {
        "title": "The SpongeBob Movie: Search for SquarePants Early Access RealD 3D Fan Event (2025)",
        "showtimes": [
          "2025-12-17T17:00"
        ]
      },
      {
        "title": "The Metropolitan Opera: Andrea Chénier (2025)",
        "showtimes": [
          "2025-12-17T13:00",
          "2025-12-17T18:30"
        ]
      },
      {
        "title": "Dr. Seuss’ How the Grinch Stole Christmas (2000): 25th Anniversary",
        "showtimes": [
          "2025-12-17T10:30",
          "2025-12-17T13:00",
          "2025-12-17T15:30"
        ]
      },
      {
        "title": "Five Nights at Freddy's 2 (2025)",
        "showtimes": [
          "2025-12-17T10:30",
          "2025-12-17T13:10",
          "2025-12-17T15:50",
          "2025-12-17T18:30",
          "2025-12-17T21:10"
        ]
      },
      {
        "title": "Zootopia 2 (2025)",
        "showtimes": [
          "2025-12-17T13:20",
          "2025-12-17T21:35",
          "2025-12-17T10:35",
          "2025-12-17T16:05",
          "2025-12-17T18:50"
        ]
      },
      {
        "title": "Wicked: For Good (2025)",
        "showtimes": [
          "2025-12-17T10:45",
          "2025-12-17T14:00",
          "2025-12-17T17:15",
          "2025-12-17T20:30"
        ]
      },
      {
        "title": "Elf",
        "showtimes": [
          "2025-12-17T18:40"
        ]
      },
      {
        "title": "The SpongeBob Movie: Search for SquarePants Early Access RealD 3D Fan Event (2025)",
        "showtimes": [
          "2025-12-17T17:00"
        ]
      },
      {
        "title": "The Case for Miracles",
        "showtimes": [
          "2025-12-17T19:00"
        ]
      },
      {
        "title": "Sense and Sensibility 30th Anniversary (2025)",
        "showtimes": [
          "2025-12-17T17:35"
        ]
      },
      {
        "title": "The Metropolitan Opera: Andrea Chénier (2025)",
        "showtimes": [
          "2025-12-17T13:00",
          "2025-12-17T18:30"
        ]
      },
      {
        "title": "Dr. Seuss’ How the Grinch Stole Christmas (2000): 25th Anniversary",
        "showtimes": [
          "2025-12-17T17:00",
          "2025-12-17T11:05"
        ]
      },
      {
        "title": "Ella McCay (2025)",
        "showtimes": [
          "2025-12-17T11:10",
          "2025-12-17T14:10",
          "2025-12-17T17:10",
          "2025-12-17T20:05",
          "2025-12-17T22:50"
        ]
      },
      {
        "title": "Silent Night, Deadly Night (2025)",
        "showtimes": [
          "2025-12-17T17:05",
          "2025-12-17T19:40",
          "2025-12-17T22:15"
        ]
      },
      {
        "title": "The Star (2017)",
        "showtimes": [
          "2025-12-17T15:50",
          "2025-12-17T18:25"
        ]
      },
      {
        "title": "The SpongeBob Movie: Search for SquarePants Early Access RealD 3D Fan Event (2025)",
        "showtimes": [
          "2025-12-17T17:00"
        ]
      },
      {
        "title": "Ella McCay (2025)",
        "showtimes": [
          "2025-12-17T11:00",
          "2025-12-17T13:45",
          "2025-12-17T16:30",
          "2025-12-17T19:15",
          "2025-12-17T22:00"
        ]
      },
      {
        "title": "The SpongeBob Movie: Search for SquarePants Early Access RealD 3D Fan Event (2025)",
        "showtimes": [
          "2025-12-17T17:00"
        ]
      },
      {
        "title": "Dr. Seuss’ How the Grinch Stole Christmas (2000): 25th Anniversary",
        "showtimes": [
          "2025-12-17T19:05"
        ]
      },
      {
        "title": "Ella McCay (2025)",
        "showtimes": [
          "2025-12-17T12:50",
          "2025-12-17T15:30",
          "2025-12-17T18:20",
          "2025-12-17T21:10",
          "2025-12-17T16:00"
        ]
      },
      {
        "title": "Elf",
        "showtimes": [
          "2025-12-17T13:00"
        ]
      },
      {
        "title": "The Case for Miracles",
        "showtimes": [
          "2025-12-17T19:00"
        ]
      },
      {
        "title": "Dr. Seuss’ How the Grinch Stole Christmas (2000): 25th Anniversary",
        "showtimes": [
          "2025-12-17T14:00"
        ]
      },
      {
        "title": "Ella McCay (2025)",
        "showtimes": [
          "2025-12-17T12:20",
          "2025-12-17T15:15",
          "2025-12-17T18:10",
          "2025-12-17T21:05"
        ]
      },
      {
        "title": "The Star (2017)",
        "showtimes": [
          "2025-12-17T14:05",
          "2025-12-17T19:10"
        ]
      },
      {
        "title": "The SpongeBob Movie: Search for SquarePants Early Access RealD 3D Fan Event (2025)",
        "showtimes": [
          "2025-12-17T17:00"
        ]
      },
      {
        "title": "The Case for Miracles",
        "showtimes": [
          "2025-12-17T19:30"
        ]
      },
      {
        "title": "Sense and Sensibility 30th Anniversary (2025)",
        "showtimes": [
          "2025-12-17T19:00"
        ]
      },
      {
        "title": "The Metropolitan Opera: Andrea Chénier (2025)",
        "showtimes": [
          "2025-12-17T13:00",
          "2025-12-17T18:30"
        ]
      },
      {
        "title": "Dr. Seuss’ How the Grinch Stole Christmas (2000): 25th Anniversary",
        "showtimes": [
          "2025-12-17T10:20",
          "2025-12-17T12:50",
          "2025-12-17T15:20",
          "2025-12-17T17:50"
        ]
      },
      {
        "title": "Ella McCay (2025)",
        "showtimes": [
          "2025-12-17T11:00",
          "2025-12-17T13:50",
          "2025-12-17T16:40",
          "2025-12-17T19:30",
          "2025-12-17T22:20"
        ]
      },
      {
        "title": "Silent Night, Deadly Night (2025)",
        "showtimes": [
          "2025-12-17T10:30",
          "2025-12-17T13:00",
          "2025-12-17T15:30",
          "2025-12-17T18:00",
          "2025-12-17T20:30",
          "2025-12-17T23:10"
        ]
      },
      {
        "title": "Five Nights at Freddy's 2 (2025)",
        "showtimes": [
          "2025-12-17T12:00",
          "2025-12-17T14:40",
          "2025-12-17T17:20",
          "2025-12-17T20:00",
          "2025-12-17T22:40"
        ]
      },
      {
        "title": "Zootopia 2 (2025)",
        "showtimes": [
          "2025-12-17T10:25",
          "2025-12-17T10:20",
          "2025-12-17T12:15",
          "2025-12-17T14:55",
          "2025-12-17T17:35",
          "2025-12-17T20:15",
          "2025-12-17T22:55"
        ]
      },
      {
        "title": "Wicked: For Good (2025)",
        "showtimes": [
          "2025-12-17T10:30",
          "2025-12-17T13:40",
          "2025-12-17T16:50",
          "2025-12-17T20:00",
          "2025-12-17T23:00"
        ]
      },
      {
        "title": "Elf",
        "showtimes": [
          "2025-12-17T18:15"
        ]
      }
    ]
  }
]