[
  {
    "theater_name": "AMC Marina Pacifica 12",
    "address": "6346 E. Pacific Coast Hwy.\nLong Beach, CA 90803",
    "movies": [
      {
        "title": "Avatar: Fire and Ash (2025)",
        "showtimes": [
          "2025-12-18T14:30",
          "2025-12-18T15:00",
          "2025-12-18T16:00",
          "2025-12-18T19:00",
          "2025-12-18T19:30",
          "2025-12-18T20:30",
          "2025-12-18T21:25",
          "2025-12-18T14:00",
          "2025-12-18T15:30",
          "2025-12-18T18:30",
          "2025-12-18T20:00"
        ]
      },
      {
        "title": "David (2025)",
        "showtimes": [
          "2025-12-18T12:30",
          "2025-12-18T15:30",
          "2025-12-18T18:30",
          "2025-12-18T21:30"
        ]
      },
      {
        "title": "The Housemaid (2025)",
        "showtimes": [
          "2025-12-18T14:00",
          "2025-12-18T15:40",
          "2025-12-18T19:05",
          "2025-12-18T22:30"
        ]
      },
      {
        "title": "The SpongeBob Movie: Search for SquarePants (2025)",
        "showtimes": [
          "2025-12-18T16:00",
          "2025-12-18T18:35",
          "2025-12-18T21:30"
        ]
      },
      {
        "title": "Avatar: Fire and Ash (2025)",
        "showtimes": [
          "2025-12-18T14:00",
          "2025-12-18T18:15",
          "2025-12-18T22:30",
          "2025-12-18T14:00",
          "2025-12-18T18:15",
          "2025-12-18T22:30",
          "2025-12-18T19:15",
          "2025-12-18T14:30",
          "2025-12-18T18:45",
          "2025-12-18T23:00",
          "2025-12-18T14:30",
          "2025-12-18T18:45",
          "2025-12-18T23:00",
          "2025-12-18T15:00",
          "2025-12-18T23:30",
          "2025-12-18T15:00",
          "2025-12-18T19:45",
          "2025-12-18T23:30",
          "2025-12-18T15:30",
          "2025-12-18T19:15"
        ]
      },
      {
        "title": "The SpongeBob Movie: Search for SquarePants (2025)",
        "showtimes": [
          "2025-12-18T21:10",
          "2025-12-18T16:00",
          "2025-12-18T18:35",
          "2025-12-18T23:45"
        ]
      },
      {
        "title": "Christmas in Connecticut (1945)",
        "showtimes": [
          "2025-12-18T15:35",
          "2025-12-18T18:25"
        ]
      },
      {
        "title": "Avatar: Fire and Ash (2025)",
        "showtimes": [
          "2025-12-18T14:00",
          "2025-12-18T18:15",
          "2025-12-18T22:30",
          "2025-12-18T14:15",
          "2025-12-18T18:30",
          "2025-12-18T22:45",
          "2025-12-18T14:30",
          "2025-12-18T18:45",
          "2025-12-18T23:00",
          "2025-12-18T14:45",
          "2025-12-18T19:00",
          "2025-12-18T23:15",
          "2025-12-18T15:15",
          "2025-12-18T19:30",
          "2025-12-18T23:45"
        ]
      },
      {
        "title": "David (2025)",
        "showtimes": [
          "2025-12-18T13:20",
          "2025-12-18T16:20",
          "2025-12-18T19:20",
          "2025-12-18T22:20"
        ]
      },
      {
        "title": "The Housemaid (2025)",
        "showtimes": [
          "2025-12-18T14:05",
          "2025-12-18T17:20",
          "2025-12-18T20:25"
        ]
      },
      {
        "title": "The SpongeBob Movie: Search for SquarePants (2025)",
        "showtimes": [
          "2025-12-18T16:05",
          "2025-12-18T18:40",
          "2025-12-18T21:20"
        ]
      },
      {
        "title": "The Case for Miracles",
        "showtimes": [
          "2025-12-18T19:00"
        ]
      },
      {
        "title": "Dr. Seuss’ How the Grinch Stole Christmas (2000): 25th Anniversary",
        "showtimes": [
          "2025-12-18T11:05"
        ]
      },
      {
        "title": "Ella McCay (2025)",
        "showtimes": [
          "2025-12-18T11:10",
          "2025-12-18T14:10",
          "2025-12-18T17:10",
          "2025-12-18T20:05",
          "2025-12-18T22:50"
        ]
      },
      {
        "title": "Silent Night, Deadly Night (2025)",
        "showtimes": [
          "2025-12-18T17:05",
          "2025-12-18T19:35",
          "2025-12-18T22:10"
        ]
      },
      {
        "title": "Avatar: Fire and Ash (2025)",
        "showtimes": [
          "2025-12-18T15:00",
          "2025-12-18T19:05"
        ]
      },
      {
        "title": "David (2025)",
        "showtimes": [
          "2025-12-18T14:00",
          "2025-12-18T16:45",
          "2025-12-18T19:30",
          "2025-12-18T22:20"
        ]
      },
      {
        "title": "The Housemaid (2025)",
        "showtimes": [
          "2025-12-18T16:00",
          "2025-12-18T19:00",
          "2025-12-18T22:00"
        ]
      },
      {
        "title": "The SpongeBob Movie: Search for SquarePants (2025)",
        "showtimes": [
          "2025-12-18T16:00",
          "2025-12-18T18:30",
          "2025-12-18T21:00"
        ]
      },
      {
        "title": "Ella McCay (2025)",
        "showtimes": [
          "2025-12-18T11:00",
          "2025-12-18T13:45",
          "2025-12-18T16:30",
          "2025-12-18T19:15",
          "2025-12-18T22:00"
        ]
      },
      {
        "title": "Avatar: Fire and Ash (2025)",
        "showtimes": [
          "2025-12-18T14:00",
          "2025-12-18T18:05",
          "2025-12-18T22:15"
        ]
      },
      {
        "title": "The SpongeBob Movie: Search for SquarePants (2025)",
        "showtimes": [
          "2025-12-18T16:00",
          "2025-12-18T18:30",
          "2025-12-18T21:00"
        ]
      },
      {
        "title": "Avatar: Fire and Ash (2025)",
        "showtimes": [
          "2025-12-18T14:00",
          "2025-12-18T18:00",
          "2025-12-18T22:00",
          "2025-12-18T14:30",
          "2025-12-18T18:30",
          "2025-12-18T22:30",
          "2025-12-18T15:00",
          "2025-12-18T16:00",
          "2025-12-18T19:00",
          "2025-12-18T20:00",
          "2025-12-18T23:00"
        ]
      },
      {
        "title": "David (2025)",
        "showtimes": [
          "2025-12-18T12:30",
          "2025-12-18T15:15",
          "2025-12-18T18:00",
          "2025-12-18T20:45"
        ]
      },
      {
        "title": "The Housemaid (2025)",
        "showtimes": [
          "2025-12-18T14:00",
          "2025-12-18T17:10",
          "2025-12-18T20:15"
        ]
      },
      {
        "title": "The SpongeBob Movie: Search for SquarePants (2025)",
        "showtimes": [
          "2025-12-18T16:00",
          "2025-12-18T18:30",
          "2025-12-18T20:45"
        ]
      },
      {
        "title": "Dr. Seuss’ How the Grinch Stole Christmas (2000): 25th Anniversary",
        "showtimes": [
          "2025-12-18T19:05"
        ]
      },
      {
        "title": "Ella McCay (2025)",
        "showtimes": [
          "2025-12-18T12:50",
          "2025-12-18T15:30",
          "2025-12-18T18:20",
          "2025-12-18T21:10"
        ]
      },
      {
        "title": "Avatar: Fire and Ash (2025)",
        "showtimes": [
          "2025-12-18T14:00",
          "2025-12-18T18:50"
        ]
      },
      {
        "title": "The SpongeBob Movie: Search for SquarePants (2025)",
        "showtimes": [
          "2025-12-18T16:00",
          "2025-12-18T19:00",
          "2025-12-18T21:30"
        ]
      },
      {
        "title": "Christmas in Connecticut (1945)",
        "showtimes": [
          "2025-12-18T14:15",
          "2025-12-18T19:45"
        ]
      },
      {
        "title": "Avatar: Fire and Ash (2025)",
        "showtimes": [
          "2025-12-18T14:00",
          "2025-12-18T18:15",
          "2025-12-18T22:30",
          "2025-12-18T17:30",
          "2025-12-18T21:45",
          "2025-12-18T15:45",
          "2025-12-18T20:00"
        ]
      },
      {
        "title": "David (2025)",
        "showtimes": [
          "2025-12-18T14:00",
          "2025-12-18T16:50",
          "2025-12-18T18:10"
        ]
      },
      {
        "title": "The Housemaid (2025)",
        "showtimes": [
          "2025-12-18T14:05",
          "2025-12-18T17:10",
          "2025-12-18T20:15"
        ]
      },
      {
        "title": "The SpongeBob Movie: Search for SquarePants (2025)",
        "showtimes": [
          "2025-12-18T16:00",
          "2025-12-18T18:40",
          "2025-12-18T21:20"
        ]
      },
      {
        "title": "The Case for Miracles",
        "showtimes": [
          "2025-12-18T19:05"
        ]
      },
      {
        "title": "Dr. Seuss’ How the Grinch Stole Christmas (2000): 25th Anniversary",
        "showtimes": [
          "2025-12-18T14:10"
        ]
      },
      {
        "title": "Ella McCay (2025)",
        "showtimes": [
          "2025-12-18T12:20",
          "2025-12-18T15:15",
          "2025-12-18T18:10",
          "2025-12-18T21:05"
        ]
      },
      {
        "title": "Avatar: Fire and Ash (2025)",
        "showtimes": [
          "2025-12-18T15:15",
          "2025-12-18T19:30",
          "2025-12-18T23:45",
          "2025-12-18T15:15",
          "2025-12-18T19:30",
          "2025-12-18T23:45",
          "2025-12-18T14:00",
          "2025-12-18T18:15",
          "2025-12-18T22:25",
          "2025-12-18T14:00",
          "2025-12-18T18:15",
          "2025-12-18T22:25",
          "2025-12-18T15:00",
          "2025-12-18T19:10",
          "2025-12-18T23:25",
          "2025-12-18T15:00",
          "2025-12-18T16:15",
          "2025-12-18T19:10",
          "2025-12-18T20:25",
          "2025-12-18T23:25",
          "2025-12-18T14:30",
          "2025-12-18T18:45",
          "2025-12-18T22:55"
        ]
      },
      {
        "title": "David (2025)",
        "showtimes": [
          "2025-12-18T10:30",
          "2025-12-18T13:25",
          "2025-12-18T16:20",
          "2025-12-18T19:15",
          "2025-12-18T22:10"
        ]
      },
      {
        "title": "The Housemaid (2025)",
        "showtimes": [
          "2025-12-18T14:00",
          "2025-12-18T17:05",
          "2025-12-18T20:10",
          "2025-12-18T23:15"
        ]
      },
      {
        "title": "The SpongeBob Movie: Search for SquarePants (2025)",
        "showtimes": [
          "2025-12-18T16:30",
          "2025-12-18T16:00",
          "2025-12-18T18:30",
          "2025-12-18T20:20",
          "2025-12-18T22:50"
        ]
      },
      {
        "title": "Dr. Seuss’ How the Grinch Stole Christmas (2000): 25th Anniversary",
        "showtimes": [
          "2025-12-18T10:20",
          "2025-12-18T12:50",
          "2025-12-18T15:20",
          "2025-12-18T17:50"
        ]
      },
      {
        "title": "Avatar: Fire and Ash (2025)",
        "showtimes": [
          "2025-12-18T15:00",
          "2025-12-18T19:05",
          "2025-12-18T14:00",
          "2025-12-18T18:05",
          "2025-12-18T22:10",
          "2025-12-18T16:00",
          "2025-12-18T17:00",
          "2025-12-18T20:05",
          "2025-12-18T21:05"
        ]
      }
    ]
  }
]