[
  {
    "theater_name": "AMC Marina Pacifica 12",
    "address": "6346 E. Pacific Coast Hwy.\nLong Beach, CA 90803",
    "movies": [
      {
        "title": "Sense and Sensibility 30th Anniversary (2025)",
        "showtimes": [
          "2025-12-16T18:30"
        ]
      },
      {
        "title": "Ella McCay (2025)",
        "showtimes": [
          "2025-12-16T12:50",
          "2025-12-16T16:00",
          "2025-12-16T19:05",
          "2025-12-16T22:15"
        ]
      },
      {
        "title": "Dr. Seuss’ How the Grinch Stole Christmas (2000): 25th Anniversary",
        "showtimes": [
          "2025-12-16T10:30",
          "2025-12-16T13:00",
          "2025-12-16T15:30"
        ]
      },
      {
        "title": "Five Nights at Freddy's 2 (2025)",
        "showtimes": [
          "2025-12-16T10:30",
          "2025-12-16T13:10",
          "2025-12-16T15:50",
          "2025-12-16T18:30",
          "2025-12-16T21:10"
        ]
      },
      {
        "title": "Zootopia 2 (2025)",
        "showtimes": [
          "2025-12-16T13:20",
          "2025-12-16T21:35",
          "2025-12-16T10:35",
          "2025-12-16T16:05",
          "2025-12-16T18:50"
        ]
      },
      {
        "title": "Wicked: For Good (2025)",
        "showtimes": [
          "2025-12-16T10:45",
          "2025-12-16T14:00",
          "2025-12-16T17:15",
          "2025-12-16T20:30"
        ]
      },
      {
        "title": "The Case for Miracles",
        "showtimes": [
          "2025-12-16T19:00"
        ]
      },
      {
        "title": "Sense and Sensibility 30th Anniversary (2025)",
        "showtimes": [
          "2025-12-16T17:35"
        ]
      },
      {
        "title": "Dr. Seuss’ How the Grinch Stole Christmas (2000): 25th Anniversary",
        "showtimes": [
          "2025-12-16T17:00",
          "2025-12-16T11:05"
        ]
      },
      {
        "title": "Ella McCay (2025)",
        "showtimes": [
          "2025-12-16T11:10",
          "2025-12-16T14:10",
          "2025-12-16T17:10",
          "2025-12-16T20:05",
          "2025-12-16T22:50"
        ]
      },
      {
        "title": "Silent Night, Deadly Night (2025)",
        "showtimes": [
          "2025-12-16T17:05",
          "2025-12-16T19:40",
          "2025-12-16T22:15"
        ]
      },
      {
        "title": "Scrooged",
        "showtimes": [
          "2025-12-16T15:35",
          "2025-12-16T18:25"
        ]
      },
      {
        "title": "Ella McCay (2025)",
        "showtimes": [
          "2025-12-16T11:00",
          "2025-12-16T13:45",
          "2025-12-16T16:30",
          "2025-12-16T19:15",
          "2025-12-16T22:00"
        ]
      },
      {
        "title": "Dr. Seuss’ How the Grinch Stole Christmas (2000): 25th Anniversary",
        "showtimes": [
          "2025-12-16T18:15"
        ]
      },
      {
        "title": "Ella McCay (2025)",
        "showtimes": [
          "2025-12-16T12:50",
          "2025-12-16T15:30",
          "2025-12-16T18:20",
          "2025-12-16T21:10"
        ]
      },
      {
        "title": "Elf",
        "showtimes": [
          "2025-12-16T19:00",
          "2025-12-16T19:20"
        ]
      },
      {
        "title": "The Case for Miracles",
        "showtimes": [
          "2025-12-16T19:00"
        ]
      },
      {
        "title": "Dr. Seuss’ How the Grinch Stole Christmas (2000): 25th Anniversary",
        "showtimes": [
          "2025-12-16T14:00"
        ]
      },
      {
        "title": "Ella McCay (2025)",
        "showtimes": [
          "2025-12-16T12:20",
          "2025-12-16T15:15",
          "2025-12-16T18:10",
          "2025-12-16T21:05"
        ]
      },
      {
        "title": "Scrooged",
        "showtimes": [
          "2025-12-16T14:10",
          "2025-12-16T19:10"
        ]
      },
      {
        "title": "The Case for Miracles",
        "showtimes": [
          "2025-12-16T19:30"
        ]
      },
      {
        "title": "Sense and Sensibility 30th Anniversary (2025)",
        "showtimes": [
          "2025-12-16T19:00"
        ]
      },
      {
        "title": "Dr. Seuss’ How the Grinch Stole Christmas (2000): 25th Anniversary",
        "showtimes": [
          "2025-12-16T10:20",
          "2025-12-16T12:50",
          "2025-12-16T15:20",
          "2025-12-16T17:50"
        ]
      },
      {
        "title": "Ella McCay (2025)",
        "showtimes": [
          "2025-12-16T11:00",
          "2025-12-16T13:50",
          "2025-12-16T16:40",
          "2025-12-16T19:30",
          "2025-12-16T22:20"
        ]
      },
      {
        "title": "Silent Night, Deadly Night (2025)",
        "showtimes": [
          "2025-12-16T10:30",
          "2025-12-16T13:00",
          "2025-12-16T15:30",
          "2025-12-16T18:00",
          "2025-12-16T20:30",
          "2025-12-16T23:10"
        ]
      },
      {
        "title": "Five Nights at Freddy's 2 (2025)",
        "showtimes": [
          "2025-12-16T12:00",
          "2025-12-16T14:40",
          "2025-12-16T17:20",
          "2025-12-16T20:00",
          "2025-12-16T22:40"
        ]
      },
      {
        "title": "Zootopia 2 (2025)",
        "showtimes": [
          "2025-12-16T10:25",
          "2025-12-16T10:20",
          "2025-12-16T12:15",
          "2025-12-16T14:55",
          "2025-12-16T17:35",
          "2025-12-16T20:15",
          "2025-12-16T22:55"
        ]
      },
      {
        "title": "Wicked: For Good (2025)",
        "showtimes": [
          "2025-12-16T10:30",
          "2025-12-16T13:40",
          "2025-12-16T16:50",
          "2025-12-16T20:00",
          "2025-12-16T23:00"
        ]
      }
    ]
  }
]