[
  {
    "theater_name": "AMC Marina Pacifica 12",
    "address": "6346 E. Pacific Coast Hwy.\nLong Beach, CA 90803",
    "movies": [
      {
        "title": "Avatar: Fire and Ash (2025)",
        "showtimes": [
          "2025-12-20T10:00",
          "2025-12-20T11:30",
          "2025-12-20T14:30",
          "2025-12-20T16:00",
          "2025-12-20T19:00",
          "2025-12-20T20:30",
          "2025-12-20T10:45",
          "2025-12-20T15:15",
          "2025-12-20T19:45"
        ]
      },
      {
        "title": "David (2025)",
        "showtimes": [
          "2025-12-20T12:20",
          "2025-12-20T15:25",
          "2025-12-20T18:25",
          "2025-12-20T21:25"
        ]
      },
      {
        "title": "The Housemaid (2025)",
        "showtimes": [
          "2025-12-20T11:30",
          "2025-12-20T15:00",
          "2025-12-20T18:40",
          "2025-12-20T22:05"
        ]
      },
      {
        "title": "The SpongeBob Movie: Search for SquarePants (2025)",
        "showtimes": [
          "2025-12-20T14:00",
          "2025-12-20T19:35",
          "2025-12-20T11:00",
          "2025-12-20T16:50",
          "2025-12-20T22:20"
        ]
      },
      {
        "title": "Avatar: Fire and Ash (2025)",
        "showtimes": [
          "2025-12-20T10:30",
          "2025-12-20T14:45",
          "2025-12-20T19:00",
          "2025-12-20T23:15",
          "2025-12-20T10:30",
          "2025-12-20T14:45",
          "2025-12-20T19:00",
          "2025-12-20T23:15",
          "2025-12-20T09:30",
          "2025-12-20T13:45",
          "2025-12-20T18:00",
          "2025-12-20T22:15",
          "2025-12-20T09:30",
          "2025-12-20T13:45",
          "2025-12-20T18:00",
          "2025-12-20T22:15",
          "2025-12-20T10:00",
          "2025-12-20T14:15",
          "2025-12-20T18:30",
          "2025-12-20T22:45",
          "2025-12-20T08:30",
          "2025-12-20T10:00",
          "2025-12-20T12:45",
          "2025-12-20T14:15",
          "2025-12-20T18:30",
          "2025-12-20T22:45",
          "2025-12-20T17:00",
          "2025-12-20T21:15"
        ]
      },
      {
        "title": "The SpongeBob Movie: Search for SquarePants (2025)",
        "showtimes": [
          "2025-12-20T10:35",
          "2025-12-20T15:45",
          "2025-12-20T08:00",
          "2025-12-20T13:10",
          "2025-12-20T18:20",
          "2025-12-20T20:55",
          "2025-12-20T23:30"
        ]
      },
      {
        "title": "A Christmas Story (1983)",
        "showtimes": [
          "2025-12-20T12:35"
        ]
      },
      {
        "title": "Avatar: Fire and Ash (2025)",
        "showtimes": [
          "2025-12-20T07:30",
          "2025-12-20T11:45",
          "2025-12-20T16:00",
          "2025-12-20T20:15",
          "2025-12-20T00:30",
          "2025-12-20T08:00",
          "2025-12-20T09:15",
          "2025-12-20T12:15",
          "2025-12-20T13:30",
          "2025-12-20T16:30",
          "2025-12-20T17:45",
          "2025-12-20T20:45",
          "2025-12-20T22:00",
          "2025-12-20T09:45",
          "2025-12-20T14:00",
          "2025-12-20T18:15",
          "2025-12-20T22:30",
          "2025-12-20T07:00",
          "2025-12-20T11:15",
          "2025-12-20T15:30",
          "2025-12-20T19:45",
          "2025-12-20T00:00",
          "2025-12-20T10:00",
          "2025-12-20T14:15",
          "2025-12-20T18:30",
          "2025-12-20T22:45"
        ]
      },
      {
        "title": "David (2025)",
        "showtimes": [
          "2025-12-20T10:20",
          "2025-12-20T13:20",
          "2025-12-20T16:20",
          "2025-12-20T19:20",
          "2025-12-20T22:20"
        ]
      },
      {
        "title": "The Housemaid (2025)",
        "showtimes": [
          "2025-12-20T10:05",
          "2025-12-20T13:10",
          "2025-12-20T16:25",
          "2025-12-20T19:35",
          "2025-12-20T22:45"
        ]
      },
      {
        "title": "The SpongeBob Movie: Search for SquarePants (2025)",
        "showtimes": [
          "2025-12-20T09:20",
          "2025-12-20T11:50",
          "2025-12-20T14:25",
          "2025-12-20T16:55",
          "2025-12-20T19:25",
          "2025-12-20T21:55"
        ]
      },
      {
        "title": "Avatar: Fire and Ash (2025)",
        "showtimes": [
          "2025-12-20T12:05",
          "2025-12-20T16:10",
          "2025-12-20T20:20"
        ]
      },
      {
        "title": "The Housemaid (2025)",
        "showtimes": [
          "2025-12-20T11:00",
          "2025-12-20T13:50",
          "2025-12-20T16:35",
          "2025-12-20T19:20",
          "2025-12-20T22:20"
        ]
      },
      {
        "title": "The SpongeBob Movie: Search for SquarePants (2025)",
        "showtimes": [
          "2025-12-20T11:55",
          "2025-12-20T14:20",
          "2025-12-20T16:40",
          "2025-12-20T19:00",
          "2025-12-20T21:20"
        ]
      },
      {
        "title": "Avatar: Fire and Ash (2025)",
        "showtimes": [
          "2025-12-20T11:00",
          "2025-12-20T15:10",
          "2025-12-20T19:20"
        ]
      },
      {
        "title": "The SpongeBob Movie: Search for SquarePants (2025)",
        "showtimes": [
          "2025-12-20T11:55",
          "2025-12-20T14:20",
          "2025-12-20T16:40",
          "2025-12-20T19:00",
          "2025-12-20T21:20"
        ]
      },
      {
        "title": "Avatar: Fire and Ash (2025)",
        "showtimes": [
          "2025-12-20T10:00",
          "2025-12-20T14:00",
          "2025-12-20T18:00",
          "2025-12-20T22:00",
          "2025-12-20T10:30",
          "2025-12-20T11:30",
          "2025-12-20T12:30",
          "2025-12-20T14:30",
          "2025-12-20T15:30",
          "2025-12-20T16:30",
          "2025-12-20T18:30",
          "2025-12-20T19:30",
          "2025-12-20T20:30",
          "2025-12-20T22:30",
          "2025-12-20T11:00",
          "2025-12-20T13:00",
          "2025-12-20T15:00",
          "2025-12-20T17:00",
          "2025-12-20T19:00",
          "2025-12-20T21:00",
          "2025-12-20T23:00",
          "2025-12-20T16:00"
        ]
      },
      {
        "title": "David (2025)",
        "showtimes": [
          "2025-12-20T12:30",
          "2025-12-20T15:15",
          "2025-12-20T18:00",
          "2025-12-20T20:45"
        ]
      },
      {
        "title": "The SpongeBob Movie: Search for SquarePants (2025)",
        "showtimes": [
          "2025-12-20T11:15",
          "2025-12-20T13:45",
          "2025-12-20T16:15",
          "2025-12-20T18:45",
          "2025-12-20T21:15"
        ]
      },
      {
        "title": "Elf",
        "showtimes": [
          "2025-12-20T16:35"
        ]
      },
      {
        "title": "Scrooged",
        "showtimes": [
          "2025-12-20T19:10"
        ]
      },
      {
        "title": "Avatar: Fire and Ash (2025)",
        "showtimes": [
          "2025-12-20T11:30",
          "2025-12-20T15:30",
          "2025-12-20T19:30",
          "2025-12-20T11:00",
          "2025-12-20T12:00",
          "2025-12-20T15:00",
          "2025-12-20T16:00",
          "2025-12-20T19:00",
          "2025-12-20T20:00"
        ]
      },
      {
        "title": "David (2025)",
        "showtimes": [
          "2025-12-20T11:40",
          "2025-12-20T14:20",
          "2025-12-20T17:00"
        ]
      },
      {
        "title": "The SpongeBob Movie: Search for SquarePants (2025)",
        "showtimes": [
          "2025-12-20T11:30",
          "2025-12-20T13:50",
          "2025-12-20T16:20",
          "2025-12-20T18:40",
          "2025-12-20T21:00"
        ]
      },
      {
        "title": "A Christmas Story (1983)",
        "showtimes": [
          "2025-12-20T09:10"
        ]
      },
      {
        "title": "Avatar: Fire and Ash (2025)",
        "showtimes": [
          "2025-12-20T09:00",
          "2025-12-20T13:15",
          "2025-12-20T17:30",
          "2025-12-20T21:45",
          "2025-12-20T10:00",
          "2025-12-20T14:15",
          "2025-12-20T18:30",
          "2025-12-20T22:45",
          "2025-12-20T09:30",
          "2025-12-20T13:45",
          "2025-12-20T18:00",
          "2025-12-20T22:15"
        ]
      },
      {
        "title": "David (2025)",
        "showtimes": [
          "2025-12-20T09:15",
          "2025-12-20T12:10",
          "2025-12-20T15:05",
          "2025-12-20T17:55",
          "2025-12-20T20:50"
        ]
      },
      {
        "title": "The Housemaid (2025)",
        "showtimes": [
          "2025-12-20T09:50",
          "2025-12-20T13:00",
          "2025-12-20T16:10",
          "2025-12-20T19:15",
          "2025-12-20T22:20"
        ]
      },
      {
        "title": "The SpongeBob Movie: Search for SquarePants (2025)",
        "showtimes": [
          "2025-12-20T08:50",
          "2025-12-20T11:25",
          "2025-12-20T14:00",
          "2025-12-20T16:35",
          "2025-12-20T19:10",
          "2025-12-20T21:50"
        ]
      },
      {
        "title": "Avatar: Fire and Ash (2025)",
        "showtimes": [
          "2025-12-20T10:00",
          "2025-12-20T14:10",
          "2025-12-20T18:20",
          "2025-12-20T22:30",
          "2025-12-20T10:00",
          "2025-12-20T14:10",
          "2025-12-20T18:20",
          "2025-12-20T22:30",
          "2025-12-20T08:15",
          "2025-12-20T12:25",
          "2025-12-20T16:35",
          "2025-12-20T20:45",
          "2025-12-20T08:15",
          "2025-12-20T12:25",
          "2025-12-20T16:35",
          "2025-12-20T20:45",
          "2025-12-20T07:50",
          "2025-12-20T11:55",
          "2025-12-20T16:05",
          "2025-12-20T20:15",
          "2025-12-20T07:50",
          "2025-12-20T10:25",
          "2025-12-20T11:55",
          "2025-12-20T14:35",
          "2025-12-20T16:05",
          "2025-12-20T18:45",
          "2025-12-20T20:15",
          "2025-12-20T22:55",
          "2025-12-20T08:00",
          "2025-12-20T11:00",
          "2025-12-20T15:10",
          "2025-12-20T19:20",
          "2025-12-20T22:40",
          "2025-12-20T23:30"
        ]
      },
      {
        "title": "David (2025)",
        "showtimes": [
          "2025-12-20T08:05",
          "2025-12-20T11:00",
          "2025-12-20T13:55",
          "2025-12-20T16:50",
          "2025-12-20T19:45",
          "2025-12-20T23:35"
        ]
      },
      {
        "title": "The Housemaid (2025)",
        "showtimes": [
          "2025-12-20T07:55",
          "2025-12-20T11:00",
          "2025-12-20T14:05",
          "2025-12-20T17:10",
          "2025-12-20T20:20",
          "2025-12-20T23:25"
        ]
      },
      {
        "title": "The SpongeBob Movie: Search for SquarePants (2025)",
        "showtimes": [
          "2025-12-20T07:55",
          "2025-12-20T08:30",
          "2025-12-20T09:30",
          "2025-12-20T12:00",
          "2025-12-20T14:30",
          "2025-12-20T17:00",
          "2025-12-20T19:30",
          "2025-12-20T22:00"
        ]
      },
      {
        "title": "Avatar: Fire and Ash (2025)",
        "showtimes": [
          "2025-12-20T14:00",
          "2025-12-20T18:05",
          "2025-12-20T22:10",
          "2025-12-20T11:00",
          "2025-12-20T15:05",
          "2025-12-20T19:10",
          "2025-12-20T11:30",
          "2025-12-20T13:00",
          "2025-12-20T15:35",
          "2025-12-20T17:05",
          "2025-12-20T19:40",
          "2025-12-20T21:10"
        ]
      }
    ]
  }
]