[
  {
    "theater_name": "AMC Marina Pacifica 12",
    "address": "6346 E. Pacific Coast Hwy.\nLong Beach, CA 90803",
    "movies": [
      {
        "title": "Fackham Hall (2025)",
        "showtimes": [
          "2025-12-07T11:00"
        ]
      },
      {
        "title": "Five Nights at Freddy's 2 (2025)",
        "showtimes": [
          "2025-12-07T10:30",
          "2025-12-07T11:30",
          "2025-12-07T13:00",
          "2025-12-07T15:15",
          "2025-12-07T16:00",
          "2025-12-07T18:15",
          "2025-12-07T19:00",
          "2025-12-07T21:15",
          "2025-12-07T21:55"
        ]
      },
      {
        "title": "JUJUTSU KAISEN: Execution (2025)",
        "showtimes": [
          "2025-12-07T11:40",
          "2025-12-07T22:05",
          "2025-12-07T14:20",
          "2025-12-07T16:50",
          "2025-12-07T19:20"
        ]
      },
      {
        "title": "Kill Bill: The Whole Bloody Affair",
        "showtimes": [
          "2025-12-07T13:00",
          "2025-12-07T19:00"
        ]
      },
      {
        "title": "Eternity (2025)",
        "showtimes": [
          "2025-12-07T13:15",
          "2025-12-07T16:10",
          "2025-12-07T19:05",
          "2025-12-07T22:05"
        ]
      },
      {
        "title": "Hamnet (2025)",
        "showtimes": [
          "2025-12-07T12:10",
          "2025-12-07T15:35",
          "2025-12-07T18:40",
          "2025-12-07T21:50"
        ]
      },
      {
        "title": "Zootopia 2 (2025)",
        "showtimes": [
          "2025-12-07T12:15",
          "2025-12-07T15:30",
          "2025-12-07T18:35",
          "2025-12-07T10:30",
          "2025-12-07T13:30",
          "2025-12-07T16:30",
          "2025-12-07T19:25",
          "2025-12-07T21:40"
        ]
      },
      {
        "title": "Rental Family (2025)",
        "showtimes": [
          "2025-12-07T10:50",
          "2025-12-07T13:40",
          "2025-12-07T16:30",
          "2025-12-07T19:25",
          "2025-12-07T22:15"
        ]
      },
      {
        "title": "Wicked: For Good (2025)",
        "showtimes": [
          "2025-12-07T12:15",
          "2025-12-07T19:20",
          "2025-12-07T11:30",
          "2025-12-07T15:00",
          "2025-12-07T15:45",
          "2025-12-07T18:30",
          "2025-12-07T21:55"
        ]
      },
      {
        "title": "Now You See Me: Now You Don't (2025)",
        "showtimes": [
          "2025-12-07T13:35",
          "2025-12-07T16:30",
          "2025-12-07T19:30",
          "2025-12-07T22:15"
        ]
      },
      {
        "title": "Predator: Badlands (2025)",
        "showtimes": [
          "2025-12-07T22:15"
        ]
      },
      {
        "title": "Five Nights at Freddy's 2 (2025)",
        "showtimes": [
          "2025-12-07T09:10",
          "2025-12-07T11:50",
          "2025-12-07T14:30",
          "2025-12-07T17:10",
          "2025-12-07T19:50",
          "2025-12-07T22:30",
          "2025-12-07T09:55",
          "2025-12-07T11:00",
          "2025-12-07T12:40",
          "2025-12-07T13:40",
          "2025-12-07T15:20",
          "2025-12-07T16:20",
          "2025-12-07T18:00",
          "2025-12-07T19:00",
          "2025-12-07T20:40",
          "2025-12-07T21:20",
          "2025-12-07T21:40",
          "2025-12-07T23:20"
        ]
      },
      {
        "title": "JUJUTSU KAISEN: Execution (2025)",
        "showtimes": [
          "2025-12-07T09:00",
          "2025-12-07T11:25",
          "2025-12-07T16:15",
          "2025-12-07T18:45",
          "2025-12-07T13:50",
          "2025-12-07T21:10"
        ]
      },
      {
        "title": "Kill Bill: The Whole Bloody Affair",
        "showtimes": [
          "2025-12-07T14:00"
        ]
      },
      {
        "title": "Eternity (2025)",
        "showtimes": [
          "2025-12-07T11:10",
          "2025-12-07T19:40",
          "2025-12-07T22:30"
        ]
      },
      {
        "title": "Zootopia 2 (2025)",
        "showtimes": [
          "2025-12-07T09:00",
          "2025-12-07T11:45",
          "2025-12-07T17:20",
          "2025-12-07T20:00",
          "2025-12-07T09:00",
          "2025-12-07T11:45",
          "2025-12-07T17:20",
          "2025-12-07T20:00",
          "2025-12-07T14:35",
          "2025-12-07T14:35",
          "2025-12-07T11:00",
          "2025-12-07T13:45",
          "2025-12-07T22:00",
          "2025-12-07T09:45",
          "2025-12-07T10:15",
          "2025-12-07T12:30",
          "2025-12-07T13:00",
          "2025-12-07T15:20",
          "2025-12-07T15:45",
          "2025-12-07T16:30",
          "2025-12-07T18:05",
          "2025-12-07T18:30",
          "2025-12-07T19:15",
          "2025-12-07T21:15"
        ]
      },
      {
        "title": "Wicked: For Good (2025)",
        "showtimes": [
          "2025-12-07T22:45",
          "2025-12-07T22:45",
          "2025-12-07T09:50",
          "2025-12-07T13:05",
          "2025-12-07T16:25",
          "2025-12-07T19:35",
          "2025-12-07T22:50",
          "2025-12-07T09:50",
          "2025-12-07T10:45",
          "2025-12-07T13:05",
          "2025-12-07T14:00",
          "2025-12-07T16:25",
          "2025-12-07T17:15",
          "2025-12-07T19:35",
          "2025-12-07T20:30",
          "2025-12-07T22:50"
        ]
      },
      {
        "title": "Now You See Me: Now You Don't (2025)",
        "showtimes": [
          "2025-12-07T09:50",
          "2025-12-07T12:35",
          "2025-12-07T15:25",
          "2025-12-07T18:20",
          "2025-12-07T21:50"
        ]
      },
      {
        "title": "The Running Man (2025)",
        "showtimes": [
          "2025-12-07T09:35",
          "2025-12-07T12:45",
          "2025-12-07T15:55",
          "2025-12-07T19:05",
          "2025-12-07T22:20"
        ]
      },
      {
        "title": "Predator: Badlands (2025)",
        "showtimes": [
          "2025-12-07T09:05",
          "2025-12-07T11:55",
          "2025-12-07T14:40",
          "2025-12-07T17:25",
          "2025-12-07T20:10",
          "2025-12-07T23:00"
        ]
      },
      {
        "title": "André Rieu's 2025 Christmas Concert: Merry Christmas",
        "showtimes": [
          "2025-12-07T15:00"
        ]
      },
      {
        "title": "100 Nights of Hero (2025)",
        "showtimes": [
          "2025-12-07T10:20"
        ]
      },
      {
        "title": "Dhurandhar (2025)",
        "showtimes": [
          "2025-12-07T22:05",
          "2025-12-07T10:50",
          "2025-12-07T15:25"
        ]
      },
      {
        "title": "Fackham Hall (2025)",
        "showtimes": [
          "2025-12-07T11:15",
          "2025-12-07T13:55",
          "2025-12-07T16:40",
          "2025-12-07T19:25",
          "2025-12-07T22:45"
        ]
      },
      {
        "title": "Five Nights at Freddy's 2 (2025)",
        "showtimes": [
          "2025-12-07T10:05",
          "2025-12-07T11:10",
          "2025-12-07T12:05",
          "2025-12-07T12:50",
          "2025-12-07T13:50",
          "2025-12-07T14:40",
          "2025-12-07T15:35",
          "2025-12-07T16:35",
          "2025-12-07T17:25",
          "2025-12-07T18:20",
          "2025-12-07T19:20",
          "2025-12-07T20:05",
          "2025-12-07T21:05",
          "2025-12-07T22:10",
          "2025-12-07T22:45"
        ]
      },
      {
        "title": "JUJUTSU KAISEN: Execution (2025)",
        "showtimes": [
          "2025-12-07T10:00",
          "2025-12-07T14:50",
          "2025-12-07T19:50",
          "2025-12-07T12:20",
          "2025-12-07T17:20",
          "2025-12-07T22:20"
        ]
      },
      {
        "title": "Kill Bill: The Whole Bloody Affair",
        "showtimes": [
          "2025-12-07T11:25",
          "2025-12-07T17:10",
          "2025-12-07T20:10"
        ]
      },
      {
        "title": "MONSTA X : CONNECT X IN CINEMAS (2025)",
        "showtimes": [
          "2025-12-07T14:00"
        ]
      },
      {
        "title": "Merrily We Roll Along (2025)",
        "showtimes": [
          "2025-12-07T15:00",
          "2025-12-07T19:00"
        ]
      },
      {
        "title": "Eternity (2025)",
        "showtimes": [
          "2025-12-07T12:40",
          "2025-12-07T15:20",
          "2025-12-07T18:05",
          "2025-12-07T20:55"
        ]
      },
      {
        "title": "Hamnet (2025)",
        "showtimes": [
          "2025-12-07T11:20",
          "2025-12-07T14:25",
          "2025-12-07T17:35",
          "2025-12-07T20:40"
        ]
      },
      {
        "title": "Zootopia 2 (2025)",
        "showtimes": [
          "2025-12-07T10:35",
          "2025-12-07T13:20",
          "2025-12-07T16:20",
          "2025-12-07T14:20",
          "2025-12-07T17:05",
          "2025-12-07T19:45",
          "2025-12-07T22:25",
          "2025-12-07T13:35",
          "2025-12-07T19:30",
          "2025-12-07T12:55",
          "2025-12-07T18:25",
          "2025-12-07T10:10",
          "2025-12-07T12:10",
          "2025-12-07T14:55",
          "2025-12-07T15:40",
          "2025-12-07T17:40",
          "2025-12-07T21:10",
          "2025-12-07T21:55"
        ]
      },
      {
        "title": "Rental Family (2025)",
        "showtimes": [
          "2025-12-07T22:25",
          "2025-12-07T10:30"
        ]
      },
      {
        "title": "Sisu: Road to Revenge (2025)",
        "showtimes": [
          "2025-12-07T10:05",
          "2025-12-07T16:10",
          "2025-12-07T20:00"
        ]
      },
      {
        "title": "Wicked: For Good (2025)",
        "showtimes": [
          "2025-12-07T19:00",
          "2025-12-07T22:15",
          "2025-12-07T11:05",
          "2025-12-07T10:15",
          "2025-12-07T16:15",
          "2025-12-07T22:30",
          "2025-12-07T14:00",
          "2025-12-07T10:45",
          "2025-12-07T12:00",
          "2025-12-07T15:15",
          "2025-12-07T17:15",
          "2025-12-07T18:45",
          "2025-12-07T20:45",
          "2025-12-07T22:00",
          "2025-12-07T11:00",
          "2025-12-07T14:30",
          "2025-12-07T18:00",
          "2025-12-07T21:30"
        ]
      },
      {
        "title": "Now You See Me: Now You Don't (2025)",
        "showtimes": [
          "2025-12-07T13:15",
          "2025-12-07T16:05",
          "2025-12-07T18:55",
          "2025-12-07T21:50"
        ]
      },
      {
        "title": "The Running Man (2025)",
        "showtimes": [
          "2025-12-07T13:05",
          "2025-12-07T18:50",
          "2025-12-07T10:10"
        ]
      },
      {
        "title": "Nuremberg (2025)",
        "showtimes": [
          "2025-12-07T11:35",
          "2025-12-07T19:15",
          "2025-12-07T22:20"
        ]
      },
      {
        "title": "Predator: Badlands (2025)",
        "showtimes": [
          "2025-12-07T10:40",
          "2025-12-07T13:30",
          "2025-12-07T16:20",
          "2025-12-07T19:10",
          "2025-12-07T22:35"
        ]
      },
      {
        "title": "Chainsaw Man - The Movie: Reze Arc (2025)",
        "showtimes": [
          "2025-12-07T10:35",
          "2025-12-07T13:25",
          "2025-12-07T16:05",
          "2025-12-07T18:40",
          "2025-12-07T21:20"
        ]
      },
      {
        "title": "Black Phone 2 (2025)",
        "showtimes": [
          "2025-12-07T16:50",
          "2025-12-07T19:55",
          "2025-12-07T22:40"
        ]
      },
      {
        "title": "One Battle After Another (2025)",
        "showtimes": [
          "2025-12-07T12:35",
          "2025-12-07T20:20"
        ]
      },
      {
        "title": "Demon Slayer: Kimetsu no Yaiba Infinity Castle (2025)",
        "showtimes": [
          "2025-12-07T16:25",
          "2025-12-07T22:40"
        ]
      },
      {
        "title": "Sentimental Value (2025)",
        "showtimes": [
          "2025-12-07T10:25"
        ]
      },
      {
        "title": "Dr. Seuss' The Grinch (2018)",
        "showtimes": [
          "2025-12-07T12:25"
        ]
      },
      {
        "title": "Fackham Hall (2025)",
        "showtimes": [
          "2025-12-07T11:35",
          "2025-12-07T14:05",
          "2025-12-07T16:35",
          "2025-12-07T19:05",
          "2025-12-07T21:35"
        ]
      },
      {
        "title": "Five Nights at Freddy's 2 (2025)",
        "showtimes": [
          "2025-12-07T11:25",
          "2025-12-07T12:50",
          "2025-12-07T14:00",
          "2025-12-07T14:30",
          "2025-12-07T15:25",
          "2025-12-07T16:35",
          "2025-12-07T16:45",
          "2025-12-07T18:10",
          "2025-12-07T19:10",
          "2025-12-07T20:45",
          "2025-12-07T21:45"
        ]
      },
      {
        "title": "Kill Bill: The Whole Bloody Affair",
        "showtimes": [
          "2025-12-07T13:55",
          "2025-12-07T19:20"
        ]
      },
      {
        "title": "Eternity (2025)",
        "showtimes": [
          "2025-12-07T11:05",
          "2025-12-07T13:50",
          "2025-12-07T16:35",
          "2025-12-07T19:20",
          "2025-12-07T22:05"
        ]
      },
      {
        "title": "Zootopia 2 (2025)",
        "showtimes": [
          "2025-12-07T11:00",
          "2025-12-07T13:40",
          "2025-12-07T16:20",
          "2025-12-07T12:00",
          "2025-12-07T13:00",
          "2025-12-07T14:40",
          "2025-12-07T15:40",
          "2025-12-07T17:20",
          "2025-12-07T18:20",
          "2025-12-07T19:00",
          "2025-12-07T20:00",
          "2025-12-07T21:00",
          "2025-12-07T21:40"
        ]
      },
      {
        "title": "Rental Family (2025)",
        "showtimes": [
          "2025-12-07T11:20",
          "2025-12-07T14:00",
          "2025-12-07T16:40",
          "2025-12-07T19:20"
        ]
      },
      {
        "title": "Sisu: Road to Revenge (2025)",
        "showtimes": [
          "2025-12-07T11:15",
          "2025-12-07T16:40",
          "2025-12-07T22:05"
        ]
      },
      {
        "title": "Wicked: For Good (2025)",
        "showtimes": [
          "2025-12-07T19:10",
          "2025-12-07T22:20",
          "2025-12-07T11:00",
          "2025-12-07T11:55",
          "2025-12-07T14:25",
          "2025-12-07T15:25",
          "2025-12-07T18:10",
          "2025-12-07T21:20"
        ]
      },
      {
        "title": "Keeper (2025)",
        "showtimes": [
          "2025-12-07T11:25",
          "2025-12-07T21:50"
        ]
      },
      {
        "title": "Now You See Me: Now You Don't (2025)",
        "showtimes": [
          "2025-12-07T11:10",
          "2025-12-07T13:55",
          "2025-12-07T16:40",
          "2025-12-07T19:25",
          "2025-12-07T22:10"
        ]
      },
      {
        "title": "The Running Man (2025)",
        "showtimes": [
          "2025-12-07T13:35",
          "2025-12-07T19:00"
        ]
      },
      {
        "title": "Predator: Badlands (2025)",
        "showtimes": [
          "2025-12-07T11:10",
          "2025-12-07T13:50",
          "2025-12-07T16:30",
          "2025-12-07T19:10",
          "2025-12-07T21:50"
        ]
      },
      {
        "title": "Sarah's Oil (2025)",
        "showtimes": [
          "2025-12-07T11:50",
          "2025-12-07T14:25",
          "2025-12-07T17:00",
          "2025-12-07T19:35",
          "2025-12-07T22:10"
        ]
      },
      {
        "title": "Regretting You (2025)",
        "showtimes": [
          "2025-12-07T19:30"
        ]
      },
      {
        "title": "Black Phone 2 (2025)",
        "showtimes": [
          "2025-12-07T11:15",
          "2025-12-07T22:15"
        ]
      },
      {
        "title": "Five Nights at Freddy's 2 (2025)",
        "showtimes": [
          "2025-12-07T11:25",
          "2025-12-07T14:00",
          "2025-12-07T16:35",
          "2025-12-07T19:10",
          "2025-12-07T21:45"
        ]
      },
      {
        "title": "Zootopia 2 (2025)",
        "showtimes": [
          "2025-12-07T11:00",
          "2025-12-07T13:40",
          "2025-12-07T16:20",
          "2025-12-07T19:00",
          "2025-12-07T21:40"
        ]
      },
      {
        "title": "Wicked: For Good (2025)",
        "showtimes": [
          "2025-12-07T11:55",
          "2025-12-07T15:25",
          "2025-12-07T19:05",
          "2025-12-07T22:05"
        ]
      },
      {
        "title": "A Christmas Story (1983)",
        "showtimes": [
          "2025-12-07T16:35"
        ]
      },
      {
        "title": "Fackham Hall (2025)",
        "showtimes": [
          "2025-12-07T15:40",
          "2025-12-07T18:00"
        ]
      },
      {
        "title": "Five Nights at Freddy's 2 (2025)",
        "showtimes": [
          "2025-12-07T16:30",
          "2025-12-07T19:00",
          "2025-12-07T21:40",
          "2025-12-07T10:05",
          "2025-12-07T11:10",
          "2025-12-07T11:40",
          "2025-12-07T12:40",
          "2025-12-07T13:40",
          "2025-12-07T14:20",
          "2025-12-07T15:20",
          "2025-12-07T16:10",
          "2025-12-07T17:00",
          "2025-12-07T18:00",
          "2025-12-07T20:40",
          "2025-12-07T21:30",
          "2025-12-07T22:30"
        ]
      },
      {
        "title": "JUJUTSU KAISEN: Execution (2025)",
        "showtimes": [
          "2025-12-07T12:00",
          "2025-12-07T16:20",
          "2025-12-07T20:40",
          "2025-12-07T14:10",
          "2025-12-07T18:30"
        ]
      },
      {
        "title": "Kill Bill: The Whole Bloody Affair",
        "showtimes": [
          "2025-12-07T13:10",
          "2025-12-07T18:50"
        ]
      },
      {
        "title": "MONSTA X : CONNECT X IN CINEMAS (2025)",
        "showtimes": [
          "2025-12-07T19:20"
        ]
      },
      {
        "title": "Eternity (2025)",
        "showtimes": [
          "2025-12-07T10:20",
          "2025-12-07T14:20",
          "2025-12-07T18:00",
          "2025-12-07T21:55"
        ]
      },
      {
        "title": "Hamnet (2025)",
        "showtimes": [
          "2025-12-07T13:10",
          "2025-12-07T15:45",
          "2025-12-07T18:35",
          "2025-12-07T21:40"
        ]
      },
      {
        "title": "Zootopia 2 (2025)",
        "showtimes": [
          "2025-12-07T11:00",
          "2025-12-07T11:25",
          "2025-12-07T10:10",
          "2025-12-07T10:40",
          "2025-12-07T12:40",
          "2025-12-07T14:00",
          "2025-12-07T15:30",
          "2025-12-07T16:45",
          "2025-12-07T18:15",
          "2025-12-07T19:30",
          "2025-12-07T21:30",
          "2025-12-07T22:15"
        ]
      },
      {
        "title": "Rental Family (2025)",
        "showtimes": [
          "2025-12-07T10:40",
          "2025-12-07T20:35"
        ]
      },
      {
        "title": "Wicked: For Good (2025)",
        "showtimes": [
          "2025-12-07T13:30",
          "2025-12-07T10:50",
          "2025-12-07T13:20",
          "2025-12-07T16:20",
          "2025-12-07T19:25",
          "2025-12-07T21:00",
          "2025-12-07T22:00"
        ]
      },
      {
        "title": "Now You See Me: Now You Don't (2025)",
        "showtimes": [
          "2025-12-07T10:35",
          "2025-12-07T12:30",
          "2025-12-07T15:15",
          "2025-12-07T19:20",
          "2025-12-07T22:50"
        ]
      },
      {
        "title": "The Running Man (2025)",
        "showtimes": [
          "2025-12-07T10:10",
          "2025-12-07T13:20",
          "2025-12-07T18:20",
          "2025-12-07T20:25"
        ]
      },
      {
        "title": "Predator: Badlands (2025)",
        "showtimes": [
          "2025-12-07T11:50",
          "2025-12-07T13:10",
          "2025-12-07T16:55",
          "2025-12-07T20:20",
          "2025-12-07T21:25"
        ]
      },
      {
        "title": "Spirited Away - Studio Ghibli Fest 2025",
        "showtimes": [
          "2025-12-07T13:00",
          "2025-12-07T19:00"
        ]
      },
      {
        "title": "The Polar Express",
        "showtimes": [
          "2025-12-07T19:05"
        ]
      },
      {
        "title": "Five Nights at Freddy's 2 (2025)",
        "showtimes": [
          "2025-12-07T12:00",
          "2025-12-07T14:30",
          "2025-12-07T15:45",
          "2025-12-07T17:00",
          "2025-12-07T18:15",
          "2025-12-07T19:30",
          "2025-12-07T13:00"
        ]
      },
      {
        "title": "Eternity (2025)",
        "showtimes": [
          "2025-12-07T11:10",
          "2025-12-07T14:00",
          "2025-12-07T16:40",
          "2025-12-07T19:20"
        ]
      },
      {
        "title": "Zootopia 2 (2025)",
        "showtimes": [
          "2025-12-07T11:00",
          "2025-12-07T12:20",
          "2025-12-07T13:40",
          "2025-12-07T16:20",
          "2025-12-07T17:40",
          "2025-12-07T19:00",
          "2025-12-07T15:00"
        ]
      },
      {
        "title": "Rental Family (2025)",
        "showtimes": [
          "2025-12-07T11:20",
          "2025-12-07T14:05",
          "2025-12-07T16:55",
          "2025-12-07T19:40"
        ]
      },
      {
        "title": "Wicked: For Good (2025)",
        "showtimes": [
          "2025-12-07T12:10",
          "2025-12-07T15:35",
          "2025-12-07T18:45"
        ]
      },
      {
        "title": "Now You See Me: Now You Don't (2025)",
        "showtimes": [
          "2025-12-07T13:50",
          "2025-12-07T16:30",
          "2025-12-07T19:10"
        ]
      },
      {
        "title": "Predator: Badlands (2025)",
        "showtimes": [
          "2025-12-07T11:30",
          "2025-12-07T14:10",
          "2025-12-07T16:50",
          "2025-12-07T19:45"
        ]
      },
      {
        "title": "Chainsaw Man - The Movie: Reze Arc (2025)",
        "showtimes": [
          "2025-12-07T11:40",
          "2025-12-07T17:05",
          "2025-12-07T14:20",
          "2025-12-07T19:50"
        ]
      },
      {
        "title": "Five Nights at Freddy's 2 (2025)",
        "showtimes": [
          "2025-12-07T09:45",
          "2025-12-07T12:30",
          "2025-12-07T15:15",
          "2025-12-07T18:00",
          "2025-12-07T20:45",
          "2025-12-07T11:00",
          "2025-12-07T13:45",
          "2025-12-07T16:30",
          "2025-12-07T19:15",
          "2025-12-07T22:10"
        ]
      },
      {
        "title": "JUJUTSU KAISEN: Execution (2025)",
        "showtimes": [
          "2025-12-07T09:50",
          "2025-12-07T15:00",
          "2025-12-07T20:00",
          "2025-12-07T12:25",
          "2025-12-07T17:30",
          "2025-12-07T22:30"
        ]
      },
      {
        "title": "Merrily We Roll Along (2025)",
        "showtimes": [
          "2025-12-07T15:00",
          "2025-12-07T19:00"
        ]
      },
      {
        "title": "Eternity (2025)",
        "showtimes": [
          "2025-12-07T12:15",
          "2025-12-07T16:05",
          "2025-12-07T22:25"
        ]
      },
      {
        "title": "Zootopia 2 (2025)",
        "showtimes": [
          "2025-12-07T10:55",
          "2025-12-07T09:55",
          "2025-12-07T12:45",
          "2025-12-07T13:50",
          "2025-12-07T15:35",
          "2025-12-07T16:40",
          "2025-12-07T18:25",
          "2025-12-07T19:30",
          "2025-12-07T21:15",
          "2025-12-07T22:20"
        ]
      },
      {
        "title": "Wicked: For Good (2025)",
        "showtimes": [
          "2025-12-07T10:00",
          "2025-12-07T12:00",
          "2025-12-07T15:30",
          "2025-12-07T19:00",
          "2025-12-07T22:15"
        ]
      },
      {
        "title": "Now You See Me: Now You Don't (2025)",
        "showtimes": [
          "2025-12-07T09:40",
          "2025-12-07T13:15",
          "2025-12-07T18:55",
          "2025-12-07T21:50"
        ]
      },
      {
        "title": "Predator: Badlands (2025)",
        "showtimes": [
          "2025-12-07T10:10",
          "2025-12-07T12:55",
          "2025-12-07T15:40",
          "2025-12-07T18:25",
          "2025-12-07T21:10"
        ]
      },
      {
        "title": "Dr. Seuss' The Grinch (2018)",
        "showtimes": [
          "2025-12-07T09:40"
        ]
      },
      {
        "title": "André Rieu's 2025 Christmas Concert: Merry Christmas",
        "showtimes": [
          "2025-12-07T14:45"
        ]
      },
      {
        "title": "Dhurandhar (2025)",
        "showtimes": [
          "2025-12-07T21:50"
        ]
      },
      {
        "title": "Fackham Hall (2025)",
        "showtimes": [
          "2025-12-07T09:25",
          "2025-12-07T12:00",
          "2025-12-07T14:30",
          "2025-12-07T16:50",
          "2025-12-07T20:40",
          "2025-12-07T23:05"
        ]
      },
      {
        "title": "Five Nights at Freddy's 2 (2025)",
        "showtimes": [
          "2025-12-07T09:30",
          "2025-12-07T12:05",
          "2025-12-07T14:40",
          "2025-12-07T17:20",
          "2025-12-07T20:00",
          "2025-12-07T22:40",
          "2025-12-07T10:00",
          "2025-12-07T11:05",
          "2025-12-07T11:40",
          "2025-12-07T12:40",
          "2025-12-07T13:45",
          "2025-12-07T14:15",
          "2025-12-07T15:15",
          "2025-12-07T16:25",
          "2025-12-07T16:55",
          "2025-12-07T17:50",
          "2025-12-07T19:05",
          "2025-12-07T19:35",
          "2025-12-07T20:25",
          "2025-12-07T21:45",
          "2025-12-07T21:55",
          "2025-12-07T23:00"
        ]
      },
      {
        "title": "JUJUTSU KAISEN: Execution (2025)",
        "showtimes": [
          "2025-12-07T09:25",
          "2025-12-07T11:20",
          "2025-12-07T16:00",
          "2025-12-07T20:40",
          "2025-12-07T11:50",
          "2025-12-07T13:40",
          "2025-12-07T18:20",
          "2025-12-07T23:00"
        ]
      },
      {
        "title": "Kill Bill: The Whole Bloody Affair",
        "showtimes": [
          "2025-12-07T14:00"
        ]
      },
      {
        "title": "Merrily We Roll Along (2025)",
        "showtimes": [
          "2025-12-07T15:25",
          "2025-12-07T18:30"
        ]
      },
      {
        "title": "Eternity (2025)",
        "showtimes": [
          "2025-12-07T09:35",
          "2025-12-07T12:55",
          "2025-12-07T17:00",
          "2025-12-07T19:20",
          "2025-12-07T23:10"
        ]
      },
      {
        "title": "Hamnet (2025)",
        "showtimes": [
          "2025-12-07T10:50",
          "2025-12-07T13:50",
          "2025-12-07T19:45",
          "2025-12-07T22:50"
        ]
      },
      {
        "title": "Zootopia 2 (2025)",
        "showtimes": [
          "2025-12-07T09:25",
          "2025-12-07T12:00",
          "2025-12-07T14:35",
          "2025-12-07T17:15",
          "2025-12-07T19:55",
          "2025-12-07T09:25",
          "2025-12-07T12:00",
          "2025-12-07T14:35",
          "2025-12-07T17:15",
          "2025-12-07T19:55",
          "2025-12-07T09:30",
          "2025-12-07T12:10",
          "2025-12-07T14:50",
          "2025-12-07T17:30",
          "2025-12-07T10:05",
          "2025-12-07T11:15",
          "2025-12-07T12:20",
          "2025-12-07T12:45",
          "2025-12-07T13:55",
          "2025-12-07T15:25",
          "2025-12-07T16:35",
          "2025-12-07T18:05",
          "2025-12-07T18:20",
          "2025-12-07T19:15",
          "2025-12-07T20:20",
          "2025-12-07T20:45",
          "2025-12-07T21:35",
          "2025-12-07T22:00",
          "2025-12-07T23:15"
        ]
      },
      {
        "title": "Rental Family (2025)",
        "showtimes": [
          "2025-12-07T09:25",
          "2025-12-07T12:35"
        ]
      },
      {
        "title": "Wicked: For Good (2025)",
        "showtimes": [
          "2025-12-07T22:35",
          "2025-12-07T22:35",
          "2025-12-07T12:25",
          "2025-12-07T15:35",
          "2025-12-07T18:45",
          "2025-12-07T09:25",
          "2025-12-07T10:00",
          "2025-12-07T10:50",
          "2025-12-07T12:25",
          "2025-12-07T13:10",
          "2025-12-07T14:10",
          "2025-12-07T15:35",
          "2025-12-07T16:20",
          "2025-12-07T17:20",
          "2025-12-07T18:45",
          "2025-12-07T19:30",
          "2025-12-07T20:10",
          "2025-12-07T21:00",
          "2025-12-07T22:15"
        ]
      },
      {
        "title": "Now You See Me: Now You Don't (2025)",
        "showtimes": [
          "2025-12-07T10:10",
          "2025-12-07T15:00",
          "2025-12-07T17:40",
          "2025-12-07T20:30",
          "2025-12-07T23:15"
        ]
      },
      {
        "title": "The Running Man (2025)",
        "showtimes": [
          "2025-12-07T09:25",
          "2025-12-07T13:00",
          "2025-12-07T16:05",
          "2025-12-07T19:40",
          "2025-12-07T22:45"
        ]
      },
      {
        "title": "Predator: Badlands (2025)",
        "showtimes": [
          "2025-12-07T09:25",
          "2025-12-07T12:05",
          "2025-12-07T15:40",
          "2025-12-07T19:10",
          "2025-12-07T22:55"
        ]
      },
      {
        "title": "Hijacked (2025)",
        "showtimes": [
          "2025-12-07T22:05"
        ]
      },
      {
        "title": "Sentimental Value (2025)",
        "showtimes": [
          "2025-12-07T10:00"
        ]
      },
      {
        "title": "Five Nights at Freddy's 2 (2025)",
        "showtimes": [
          "2025-12-07T11:00",
          "2025-12-07T13:35",
          "2025-12-07T16:10",
          "2025-12-07T18:45",
          "2025-12-07T21:20",
          "2025-12-07T11:30",
          "2025-12-07T12:00",
          "2025-12-07T14:05",
          "2025-12-07T14:35",
          "2025-12-07T16:40",
          "2025-12-07T17:10",
          "2025-12-07T19:15",
          "2025-12-07T19:45",
          "2025-12-07T21:50",
          "2025-12-07T22:20"
        ]
      },
      {
        "title": "JUJUTSU KAISEN: Execution (2025)",
        "showtimes": [
          "2025-12-07T11:40",
          "2025-12-07T14:00",
          "2025-12-07T16:20",
          "2025-12-07T18:50",
          "2025-12-07T21:15",
          "2025-12-07T12:40",
          "2025-12-07T15:00",
          "2025-12-07T17:25",
          "2025-12-07T19:50",
          "2025-12-07T22:25"
        ]
      },
      {
        "title": "Kill Bill: The Whole Bloody Affair",
        "showtimes": [
          "2025-12-07T12:30",
          "2025-12-07T18:15"
        ]
      },
      {
        "title": "Eternity (2025)",
        "showtimes": [
          "2025-12-07T11:05",
          "2025-12-07T13:50",
          "2025-12-07T16:25",
          "2025-12-07T19:20",
          "2025-12-07T22:00"
        ]
      },
      {
        "title": "Wake Up Dead Man: A Knives Out Mystery (2025)",
        "showtimes": [
          "2025-12-07T11:45",
          "2025-12-07T12:25",
          "2025-12-07T15:05",
          "2025-12-07T15:45",
          "2025-12-07T18:20",
          "2025-12-07T19:00",
          "2025-12-07T21:35",
          "2025-12-07T22:15"
        ]
      },
      {
        "title": "Zootopia 2 (2025)",
        "showtimes": [
          "2025-12-07T11:20",
          "2025-12-07T11:50",
          "2025-12-07T13:15",
          "2025-12-07T13:55",
          "2025-12-07T14:25",
          "2025-12-07T15:35",
          "2025-12-07T16:30",
          "2025-12-07T17:00",
          "2025-12-07T18:35",
          "2025-12-07T19:05",
          "2025-12-07T19:35",
          "2025-12-07T21:10",
          "2025-12-07T21:40",
          "2025-12-07T22:10"
        ]
      },
      {
        "title": "Wicked: For Good (2025)",
        "showtimes": [
          "2025-12-07T11:00",
          "2025-12-07T12:15",
          "2025-12-07T14:15",
          "2025-12-07T15:50",
          "2025-12-07T17:20",
          "2025-12-07T19:10",
          "2025-12-07T20:30",
          "2025-12-07T22:15"
        ]
      },
      {
        "title": "Now You See Me: Now You Don't (2025)",
        "showtimes": [
          "2025-12-07T11:15",
          "2025-12-07T14:10",
          "2025-12-07T17:00",
          "2025-12-07T19:35",
          "2025-12-07T22:10"
        ]
      },
      {
        "title": "Predator: Badlands (2025)",
        "showtimes": [
          "2025-12-07T11:10",
          "2025-12-07T13:40",
          "2025-12-07T16:35",
          "2025-12-07T19:25",
          "2025-12-07T22:05"
        ]
      },
      {
        "title": "Demon Slayer: Kimetsu no Yaiba Infinity Castle (2025)",
        "showtimes": [
          "2025-12-07T11:25",
          "2025-12-07T18:05",
          "2025-12-07T14:45",
          "2025-12-07T21:25"
        ]
      }
    ]
  }
]