[
  {
    "theater_name": "AMC Marina Pacifica 12",
    "address": "6346 E. Pacific Coast Hwy.\nLong Beach, CA 90803",
    "movies": [
      {
        "title": "The Metropolitan Opera: The Magic Flute Holiday Encore (2025)",
        "showtimes": [
          "2025-12-06T13:00"
        ]
      },
      {
        "title": "Fackham Hall (2025)",
        "showtimes": [
          "2025-12-06T12:45"
        ]
      },
      {
        "title": "Five Nights at Freddy's 2 (2025)",
        "showtimes": [
          "2025-12-06T11:30",
          "2025-12-06T14:30",
          "2025-12-06T16:00",
          "2025-12-06T17:10",
          "2025-12-06T19:00",
          "2025-12-06T20:05",
          "2025-12-06T21:15",
          "2025-12-06T21:55"
        ]
      },
      {
        "title": "JUJUTSU KAISEN: Execution (2025)",
        "showtimes": [
          "2025-12-06T11:40",
          "2025-12-06T22:30",
          "2025-12-06T14:20",
          "2025-12-06T17:05",
          "2025-12-06T19:50"
        ]
      },
      {
        "title": "Kill Bill: The Whole Bloody Affair",
        "showtimes": [
          "2025-12-06T13:00",
          "2025-12-06T19:00"
        ]
      },
      {
        "title": "Eternity (2025)",
        "showtimes": [
          "2025-12-06T13:05",
          "2025-12-06T16:05",
          "2025-12-06T19:05",
          "2025-12-06T22:05"
        ]
      },
      {
        "title": "Hamnet (2025)",
        "showtimes": [
          "2025-12-06T12:10",
          "2025-12-06T15:35",
          "2025-12-06T18:40",
          "2025-12-06T21:50"
        ]
      },
      {
        "title": "Zootopia 2 (2025)",
        "showtimes": [
          "2025-12-06T18:15",
          "2025-12-06T11:15",
          "2025-12-06T14:15",
          "2025-12-06T16:15",
          "2025-12-06T19:20",
          "2025-12-06T22:25"
        ]
      },
      {
        "title": "Rental Family (2025)",
        "showtimes": [
          "2025-12-06T11:15",
          "2025-12-06T14:00",
          "2025-12-06T16:55",
          "2025-12-06T19:45",
          "2025-12-06T22:30"
        ]
      },
      {
        "title": "Wicked: For Good (2025)",
        "showtimes": [
          "2025-12-06T19:20",
          "2025-12-06T11:30",
          "2025-12-06T15:00",
          "2025-12-06T15:45",
          "2025-12-06T18:30",
          "2025-12-06T22:05",
          "2025-12-06T22:45"
        ]
      },
      {
        "title": "Now You See Me: Now You Don't (2025)",
        "showtimes": [
          "2025-12-06T14:15",
          "2025-12-06T17:00",
          "2025-12-06T19:45",
          "2025-12-06T22:30"
        ]
      },
      {
        "title": "Predator: Badlands (2025)",
        "showtimes": [
          "2025-12-06T22:45"
        ]
      },
      {
        "title": "A Christmas Story (1983)",
        "showtimes": [
          "2025-12-06T11:00"
        ]
      },
      {
        "title": "Five Nights at Freddy's 2 (2025)",
        "showtimes": [
          "2025-12-06T09:10",
          "2025-12-06T11:50",
          "2025-12-06T14:30",
          "2025-12-06T17:10",
          "2025-12-06T19:50",
          "2025-12-06T22:30",
          "2025-12-06T10:00",
          "2025-12-06T11:00",
          "2025-12-06T12:40",
          "2025-12-06T13:40",
          "2025-12-06T15:20",
          "2025-12-06T16:20",
          "2025-12-06T18:00",
          "2025-12-06T19:00",
          "2025-12-06T20:40",
          "2025-12-06T21:20",
          "2025-12-06T21:40",
          "2025-12-06T23:20",
          "2025-12-06T23:45",
          "2025-12-06T00:01"
        ]
      },
      {
        "title": "JUJUTSU KAISEN: Execution (2025)",
        "showtimes": [
          "2025-12-06T09:00",
          "2025-12-06T11:25",
          "2025-12-06T16:15",
          "2025-12-06T18:45",
          "2025-12-06T13:50",
          "2025-12-06T21:10",
          "2025-12-06T23:35"
        ]
      },
      {
        "title": "Kill Bill: The Whole Bloody Affair",
        "showtimes": [
          "2025-12-06T14:00"
        ]
      },
      {
        "title": "Eternity (2025)",
        "showtimes": [
          "2025-12-06T19:40",
          "2025-12-06T22:30"
        ]
      },
      {
        "title": "Zootopia 2 (2025)",
        "showtimes": [
          "2025-12-06T09:00",
          "2025-12-06T11:45",
          "2025-12-06T17:20",
          "2025-12-06T20:00",
          "2025-12-06T09:00",
          "2025-12-06T11:45",
          "2025-12-06T17:20",
          "2025-12-06T20:00",
          "2025-12-06T14:35",
          "2025-12-06T14:35",
          "2025-12-06T11:00",
          "2025-12-06T13:45",
          "2025-12-06T22:00",
          "2025-12-06T09:45",
          "2025-12-06T10:15",
          "2025-12-06T13:00",
          "2025-12-06T15:20",
          "2025-12-06T15:45",
          "2025-12-06T16:30",
          "2025-12-06T18:05",
          "2025-12-06T18:30",
          "2025-12-06T19:15",
          "2025-12-06T20:50",
          "2025-12-06T21:15"
        ]
      },
      {
        "title": "Wicked: For Good (2025)",
        "showtimes": [
          "2025-12-06T22:45",
          "2025-12-06T22:45",
          "2025-12-06T09:50",
          "2025-12-06T13:05",
          "2025-12-06T16:25",
          "2025-12-06T19:35",
          "2025-12-06T23:30",
          "2025-12-06T09:50",
          "2025-12-06T10:45",
          "2025-12-06T13:05",
          "2025-12-06T14:00",
          "2025-12-06T16:25",
          "2025-12-06T17:15",
          "2025-12-06T19:35",
          "2025-12-06T20:30",
          "2025-12-06T23:30"
        ]
      },
      {
        "title": "Now You See Me: Now You Don't (2025)",
        "showtimes": [
          "2025-12-06T10:05",
          "2025-12-06T12:55",
          "2025-12-06T15:35",
          "2025-12-06T18:25",
          "2025-12-06T23:35"
        ]
      },
      {
        "title": "The Running Man (2025)",
        "showtimes": [
          "2025-12-06T09:10",
          "2025-12-06T12:20",
          "2025-12-06T15:30",
          "2025-12-06T18:40",
          "2025-12-06T21:50"
        ]
      },
      {
        "title": "Predator: Badlands (2025)",
        "showtimes": [
          "2025-12-06T09:05",
          "2025-12-06T11:55",
          "2025-12-06T14:40",
          "2025-12-06T17:25",
          "2025-12-06T20:10",
          "2025-12-06T22:55"
        ]
      },
      {
        "title": "The Metropolitan Opera: The Magic Flute Holiday Encore (2025)",
        "showtimes": [
          "2025-12-06T13:00"
        ]
      },
      {
        "title": "UFC 323: Dvalishvili vs. Yan 2",
        "showtimes": [
          "2025-12-06T19:00"
        ]
      },
      {
        "title": "100 Nights of Hero (2025)",
        "showtimes": [
          "2025-12-06T10:20"
        ]
      },
      {
        "title": "Dhurandhar (2025)",
        "showtimes": [
          "2025-12-06T21:55",
          "2025-12-06T10:50",
          "2025-12-06T15:25"
        ]
      },
      {
        "title": "Fackham Hall (2025)",
        "showtimes": [
          "2025-12-06T11:10",
          "2025-12-06T13:55",
          "2025-12-06T16:40",
          "2025-12-06T19:25",
          "2025-12-06T22:05"
        ]
      },
      {
        "title": "Five Nights at Freddy's 2 (2025)",
        "showtimes": [
          "2025-12-06T10:05",
          "2025-12-06T11:05",
          "2025-12-06T12:05",
          "2025-12-06T12:50",
          "2025-12-06T13:50",
          "2025-12-06T14:40",
          "2025-12-06T15:35",
          "2025-12-06T16:35",
          "2025-12-06T17:25",
          "2025-12-06T18:25",
          "2025-12-06T19:20",
          "2025-12-06T20:05",
          "2025-12-06T21:05",
          "2025-12-06T22:10",
          "2025-12-06T22:45"
        ]
      },
      {
        "title": "JUJUTSU KAISEN: Execution (2025)",
        "showtimes": [
          "2025-12-06T10:00",
          "2025-12-06T14:50",
          "2025-12-06T19:50",
          "2025-12-06T12:20",
          "2025-12-06T17:20",
          "2025-12-06T22:20"
        ]
      },
      {
        "title": "Kill Bill: The Whole Bloody Affair",
        "showtimes": [
          "2025-12-06T11:25",
          "2025-12-06T17:10",
          "2025-12-06T20:10"
        ]
      },
      {
        "title": "Merrily We Roll Along (2025)",
        "showtimes": [
          "2025-12-06T15:00",
          "2025-12-06T19:00"
        ]
      },
      {
        "title": "The Doors: When You're Strange (2025)",
        "showtimes": [
          "2025-12-06T15:00"
        ]
      },
      {
        "title": "Eternity (2025)",
        "showtimes": [
          "2025-12-06T12:40",
          "2025-12-06T15:20",
          "2025-12-06T18:05",
          "2025-12-06T20:55"
        ]
      },
      {
        "title": "Hamnet (2025)",
        "showtimes": [
          "2025-12-06T11:20",
          "2025-12-06T14:25",
          "2025-12-06T17:35",
          "2025-12-06T20:40"
        ]
      },
      {
        "title": "Zootopia 2 (2025)",
        "showtimes": [
          "2025-12-06T10:35",
          "2025-12-06T13:20",
          "2025-12-06T16:20",
          "2025-12-06T14:20",
          "2025-12-06T17:05",
          "2025-12-06T19:45",
          "2025-12-06T22:25",
          "2025-12-06T13:35",
          "2025-12-06T19:30",
          "2025-12-06T12:55",
          "2025-12-06T18:25",
          "2025-12-06T10:10",
          "2025-12-06T12:10",
          "2025-12-06T14:55",
          "2025-12-06T15:40",
          "2025-12-06T17:40",
          "2025-12-06T21:10",
          "2025-12-06T21:55"
        ]
      },
      {
        "title": "Rental Family (2025)",
        "showtimes": [
          "2025-12-06T22:25",
          "2025-12-06T10:30"
        ]
      },
      {
        "title": "Sisu: Road to Revenge (2025)",
        "showtimes": [
          "2025-12-06T10:05",
          "2025-12-06T16:10",
          "2025-12-06T20:00"
        ]
      },
      {
        "title": "Wicked: For Good (2025)",
        "showtimes": [
          "2025-12-06T19:00",
          "2025-12-06T22:15",
          "2025-12-06T11:00",
          "2025-12-06T10:15",
          "2025-12-06T16:15",
          "2025-12-06T22:30",
          "2025-12-06T14:00",
          "2025-12-06T10:45",
          "2025-12-06T11:15",
          "2025-12-06T12:00",
          "2025-12-06T15:15",
          "2025-12-06T17:15",
          "2025-12-06T18:45",
          "2025-12-06T20:45",
          "2025-12-06T22:00",
          "2025-12-06T14:30",
          "2025-12-06T18:00",
          "2025-12-06T21:30"
        ]
      },
      {
        "title": "Now You See Me: Now You Don't (2025)",
        "showtimes": [
          "2025-12-06T13:15",
          "2025-12-06T16:05",
          "2025-12-06T18:55",
          "2025-12-06T21:50"
        ]
      },
      {
        "title": "The Running Man (2025)",
        "showtimes": [
          "2025-12-06T18:50",
          "2025-12-06T10:10"
        ]
      },
      {
        "title": "Nuremberg (2025)",
        "showtimes": [
          "2025-12-06T11:35",
          "2025-12-06T15:10",
          "2025-12-06T18:30",
          "2025-12-06T22:20"
        ]
      },
      {
        "title": "Predator: Badlands (2025)",
        "showtimes": [
          "2025-12-06T10:15",
          "2025-12-06T19:10",
          "2025-12-06T22:35"
        ]
      },
      {
        "title": "Chainsaw Man - The Movie: Reze Arc (2025)",
        "showtimes": [
          "2025-12-06T13:25",
          "2025-12-06T16:05",
          "2025-12-06T18:40",
          "2025-12-06T21:20"
        ]
      },
      {
        "title": "Black Phone 2 (2025)",
        "showtimes": [
          "2025-12-06T16:00",
          "2025-12-06T22:50"
        ]
      },
      {
        "title": "One Battle After Another (2025)",
        "showtimes": [
          "2025-12-06T12:35",
          "2025-12-06T20:20"
        ]
      },
      {
        "title": "Demon Slayer: Kimetsu no Yaiba Infinity Castle (2025)",
        "showtimes": [
          "2025-12-06T16:25",
          "2025-12-06T22:40"
        ]
      },
      {
        "title": "Sentimental Value (2025)",
        "showtimes": [
          "2025-12-06T10:25"
        ]
      },
      {
        "title": "National Lampoon's Christmas Vacation",
        "showtimes": [
          "2025-12-06T12:10"
        ]
      },
      {
        "title": "UFC 323: Dvalishvili vs. Yan 2",
        "showtimes": [
          "2025-12-06T19:00"
        ]
      },
      {
        "title": "Fackham Hall (2025)",
        "showtimes": [
          "2025-12-06T11:35",
          "2025-12-06T14:05",
          "2025-12-06T16:35",
          "2025-12-06T19:05",
          "2025-12-06T21:35"
        ]
      },
      {
        "title": "Five Nights at Freddy's 2 (2025)",
        "showtimes": [
          "2025-12-06T11:25",
          "2025-12-06T12:50",
          "2025-12-06T14:00",
          "2025-12-06T15:25",
          "2025-12-06T16:35",
          "2025-12-06T18:10",
          "2025-12-06T19:10",
          "2025-12-06T20:45",
          "2025-12-06T21:45"
        ]
      },
      {
        "title": "Kill Bill: The Whole Bloody Affair",
        "showtimes": [
          "2025-12-06T13:55",
          "2025-12-06T19:20"
        ]
      },
      {
        "title": "Eternity (2025)",
        "showtimes": [
          "2025-12-06T11:05",
          "2025-12-06T13:50",
          "2025-12-06T16:35",
          "2025-12-06T19:20",
          "2025-12-06T22:05"
        ]
      },
      {
        "title": "Zootopia 2 (2025)",
        "showtimes": [
          "2025-12-06T11:00",
          "2025-12-06T13:40",
          "2025-12-06T16:20",
          "2025-12-06T12:00",
          "2025-12-06T13:00",
          "2025-12-06T14:40",
          "2025-12-06T15:40",
          "2025-12-06T17:20",
          "2025-12-06T18:20",
          "2025-12-06T19:00",
          "2025-12-06T20:00",
          "2025-12-06T21:00",
          "2025-12-06T21:40"
        ]
      },
      {
        "title": "Rental Family (2025)",
        "showtimes": [
          "2025-12-06T11:20",
          "2025-12-06T14:00",
          "2025-12-06T16:40",
          "2025-12-06T19:20"
        ]
      },
      {
        "title": "Sisu: Road to Revenge (2025)",
        "showtimes": [
          "2025-12-06T11:15",
          "2025-12-06T16:40",
          "2025-12-06T22:05"
        ]
      },
      {
        "title": "Wicked: For Good (2025)",
        "showtimes": [
          "2025-12-06T19:10",
          "2025-12-06T22:20",
          "2025-12-06T11:00",
          "2025-12-06T11:55",
          "2025-12-06T14:25",
          "2025-12-06T15:25",
          "2025-12-06T18:10",
          "2025-12-06T21:20"
        ]
      },
      {
        "title": "Keeper (2025)",
        "showtimes": [
          "2025-12-06T11:25",
          "2025-12-06T21:50"
        ]
      },
      {
        "title": "Now You See Me: Now You Don't (2025)",
        "showtimes": [
          "2025-12-06T11:10",
          "2025-12-06T13:55",
          "2025-12-06T16:40",
          "2025-12-06T19:25",
          "2025-12-06T22:10"
        ]
      },
      {
        "title": "The Running Man (2025)",
        "showtimes": [
          "2025-12-06T13:35",
          "2025-12-06T19:00"
        ]
      },
      {
        "title": "Predator: Badlands (2025)",
        "showtimes": [
          "2025-12-06T11:10",
          "2025-12-06T13:50",
          "2025-12-06T16:30",
          "2025-12-06T19:10",
          "2025-12-06T21:50"
        ]
      },
      {
        "title": "Sarah's Oil (2025)",
        "showtimes": [
          "2025-12-06T11:50",
          "2025-12-06T14:25",
          "2025-12-06T17:00",
          "2025-12-06T19:35",
          "2025-12-06T22:10"
        ]
      },
      {
        "title": "Regretting You (2025)",
        "showtimes": [
          "2025-12-06T14:00"
        ]
      },
      {
        "title": "Black Phone 2 (2025)",
        "showtimes": [
          "2025-12-06T11:15"
        ]
      },
      {
        "title": "Five Nights at Freddy's 2 (2025)",
        "showtimes": [
          "2025-12-06T11:25",
          "2025-12-06T14:00",
          "2025-12-06T16:35",
          "2025-12-06T19:10",
          "2025-12-06T21:45"
        ]
      },
      {
        "title": "Zootopia 2 (2025)",
        "showtimes": [
          "2025-12-06T11:00",
          "2025-12-06T13:40",
          "2025-12-06T16:20",
          "2025-12-06T19:00",
          "2025-12-06T21:40"
        ]
      },
      {
        "title": "Wicked: For Good (2025)",
        "showtimes": [
          "2025-12-06T11:55",
          "2025-12-06T15:25",
          "2025-12-06T19:05",
          "2025-12-06T22:05"
        ]
      },
      {
        "title": "A Christmas Story (1983)",
        "showtimes": [
          "2025-12-06T19:05"
        ]
      },
      {
        "title": "UFC 323: Dvalishvili vs. Yan 2",
        "showtimes": [
          "2025-12-06T19:00"
        ]
      },
      {
        "title": "Fackham Hall (2025)",
        "showtimes": [
          "2025-12-06T15:05",
          "2025-12-06T18:00"
        ]
      },
      {
        "title": "Five Nights at Freddy's 2 (2025)",
        "showtimes": [
          "2025-12-06T16:30",
          "2025-12-06T19:00",
          "2025-12-06T21:40",
          "2025-12-06T11:05",
          "2025-12-06T12:40",
          "2025-12-06T13:45",
          "2025-12-06T14:30",
          "2025-12-06T15:20",
          "2025-12-06T18:00",
          "2025-12-06T20:10",
          "2025-12-06T20:40",
          "2025-12-06T22:30",
          "2025-12-06T23:00"
        ]
      },
      {
        "title": "JUJUTSU KAISEN: Execution (2025)",
        "showtimes": [
          "2025-12-06T12:00",
          "2025-12-06T16:20",
          "2025-12-06T20:40",
          "2025-12-06T22:50",
          "2025-12-06T14:10",
          "2025-12-06T18:30"
        ]
      },
      {
        "title": "Kill Bill: The Whole Bloody Affair",
        "showtimes": [
          "2025-12-06T13:30",
          "2025-12-06T19:15"
        ]
      },
      {
        "title": "Eternity (2025)",
        "showtimes": [
          "2025-12-06T11:25",
          "2025-12-06T17:30",
          "2025-12-06T21:55",
          "2025-12-06T16:00"
        ]
      },
      {
        "title": "Hamnet (2025)",
        "showtimes": [
          "2025-12-06T13:15",
          "2025-12-06T15:55",
          "2025-12-06T19:20",
          "2025-12-06T22:10"
        ]
      },
      {
        "title": "Zootopia 2 (2025)",
        "showtimes": [
          "2025-12-06T11:00",
          "2025-12-06T13:00",
          "2025-12-06T11:45",
          "2025-12-06T12:00",
          "2025-12-06T14:20",
          "2025-12-06T14:30",
          "2025-12-06T15:30",
          "2025-12-06T16:30",
          "2025-12-06T17:10",
          "2025-12-06T18:00",
          "2025-12-06T19:45",
          "2025-12-06T20:30",
          "2025-12-06T21:25",
          "2025-12-06T14:00"
        ]
      },
      {
        "title": "Rental Family (2025)",
        "showtimes": [
          "2025-12-06T10:55",
          "2025-12-06T22:00"
        ]
      },
      {
        "title": "Wicked: For Good (2025)",
        "showtimes": [
          "2025-12-06T13:30",
          "2025-12-06T10:55",
          "2025-12-06T12:30",
          "2025-12-06T16:00",
          "2025-12-06T19:20",
          "2025-12-06T21:50",
          "2025-12-06T22:25"
        ]
      },
      {
        "title": "Now You See Me: Now You Don't (2025)",
        "showtimes": [
          "2025-12-06T12:40",
          "2025-12-06T15:15",
          "2025-12-06T19:25",
          "2025-12-06T22:40"
        ]
      },
      {
        "title": "The Running Man (2025)",
        "showtimes": [
          "2025-12-06T12:50",
          "2025-12-06T15:55",
          "2025-12-06T18:35",
          "2025-12-06T21:35"
        ]
      },
      {
        "title": "Predator: Badlands (2025)",
        "showtimes": [
          "2025-12-06T10:50",
          "2025-12-06T12:20",
          "2025-12-06T16:55",
          "2025-12-06T20:20",
          "2025-12-06T22:50"
        ]
      },
      {
        "title": "Spirited Away - Studio Ghibli Fest 2025",
        "showtimes": [
          "2025-12-06T13:00",
          "2025-12-06T19:00"
        ]
      },
      {
        "title": "The Polar Express",
        "showtimes": [
          "2025-12-06T16:25"
        ]
      },
      {
        "title": "Five Nights at Freddy's 2 (2025)",
        "showtimes": [
          "2025-12-06T12:00",
          "2025-12-06T14:30",
          "2025-12-06T15:45",
          "2025-12-06T17:00",
          "2025-12-06T18:15",
          "2025-12-06T19:30",
          "2025-12-06T20:45",
          "2025-12-06T22:00",
          "2025-12-06T13:00"
        ]
      },
      {
        "title": "Eternity (2025)",
        "showtimes": [
          "2025-12-06T11:10",
          "2025-12-06T14:00",
          "2025-12-06T16:40",
          "2025-12-06T19:20",
          "2025-12-06T22:10"
        ]
      },
      {
        "title": "Zootopia 2 (2025)",
        "showtimes": [
          "2025-12-06T11:00",
          "2025-12-06T12:20",
          "2025-12-06T13:40",
          "2025-12-06T16:20",
          "2025-12-06T17:40",
          "2025-12-06T19:00",
          "2025-12-06T20:20",
          "2025-12-06T21:40",
          "2025-12-06T15:00"
        ]
      },
      {
        "title": "Rental Family (2025)",
        "showtimes": [
          "2025-12-06T11:20",
          "2025-12-06T14:05",
          "2025-12-06T16:55",
          "2025-12-06T19:40",
          "2025-12-06T22:20"
        ]
      },
      {
        "title": "Wicked: For Good (2025)",
        "showtimes": [
          "2025-12-06T12:10",
          "2025-12-06T15:35",
          "2025-12-06T18:45",
          "2025-12-06T21:50"
        ]
      },
      {
        "title": "Now You See Me: Now You Don't (2025)",
        "showtimes": [
          "2025-12-06T13:50",
          "2025-12-06T16:30",
          "2025-12-06T19:10",
          "2025-12-06T22:05"
        ]
      },
      {
        "title": "Predator: Badlands (2025)",
        "showtimes": [
          "2025-12-06T11:30",
          "2025-12-06T14:10",
          "2025-12-06T16:50",
          "2025-12-06T19:45",
          "2025-12-06T22:20"
        ]
      },
      {
        "title": "Chainsaw Man - The Movie: Reze Arc (2025)",
        "showtimes": [
          "2025-12-06T11:40",
          "2025-12-06T17:05",
          "2025-12-06T14:20",
          "2025-12-06T19:50",
          "2025-12-06T22:20"
        ]
      },
      {
        "title": "Five Nights at Freddy's 2 (2025)",
        "showtimes": [
          "2025-12-06T09:45",
          "2025-12-06T12:30",
          "2025-12-06T15:15",
          "2025-12-06T18:00",
          "2025-12-06T20:45",
          "2025-12-06T11:00",
          "2025-12-06T13:45",
          "2025-12-06T16:30",
          "2025-12-06T19:15",
          "2025-12-06T22:10"
        ]
      },
      {
        "title": "JUJUTSU KAISEN: Execution (2025)",
        "showtimes": [
          "2025-12-06T09:50",
          "2025-12-06T15:00",
          "2025-12-06T20:00",
          "2025-12-06T12:25",
          "2025-12-06T17:30",
          "2025-12-06T22:30"
        ]
      },
      {
        "title": "Merrily We Roll Along (2025)",
        "showtimes": [
          "2025-12-06T15:05",
          "2025-12-06T19:00"
        ]
      },
      {
        "title": "Eternity (2025)",
        "showtimes": [
          "2025-12-06T12:15",
          "2025-12-06T16:05",
          "2025-12-06T22:25"
        ]
      },
      {
        "title": "Zootopia 2 (2025)",
        "showtimes": [
          "2025-12-06T10:55",
          "2025-12-06T09:55",
          "2025-12-06T12:45",
          "2025-12-06T13:50",
          "2025-12-06T15:35",
          "2025-12-06T16:40",
          "2025-12-06T18:25",
          "2025-12-06T19:30",
          "2025-12-06T21:15",
          "2025-12-06T22:20"
        ]
      },
      {
        "title": "Wicked: For Good (2025)",
        "showtimes": [
          "2025-12-06T10:00",
          "2025-12-06T12:00",
          "2025-12-06T15:30",
          "2025-12-06T19:00",
          "2025-12-06T22:15"
        ]
      },
      {
        "title": "Now You See Me: Now You Don't (2025)",
        "showtimes": [
          "2025-12-06T09:40",
          "2025-12-06T13:15",
          "2025-12-06T18:55",
          "2025-12-06T21:50"
        ]
      },
      {
        "title": "Predator: Badlands (2025)",
        "showtimes": [
          "2025-12-06T10:10",
          "2025-12-06T12:55",
          "2025-12-06T15:40",
          "2025-12-06T18:25",
          "2025-12-06T21:10"
        ]
      },
      {
        "title": "National Lampoon's Christmas Vacation",
        "showtimes": [
          "2025-12-06T09:35"
        ]
      },
      {
        "title": "A Christmas Story (1983)",
        "showtimes": [
          "2025-12-06T10:45"
        ]
      },
      {
        "title": "The Metropolitan Opera: The Magic Flute Holiday Encore (2025)",
        "showtimes": [
          "2025-12-06T13:00"
        ]
      },
      {
        "title": "Dhurandhar (2025)",
        "showtimes": [
          "2025-12-06T22:00"
        ]
      },
      {
        "title": "Fackham Hall (2025)",
        "showtimes": [
          "2025-12-06T12:00",
          "2025-12-06T14:30",
          "2025-12-06T17:00",
          "2025-12-06T19:30",
          "2025-12-06T23:40"
        ]
      },
      {
        "title": "Five Nights at Freddy's 2 (2025)",
        "showtimes": [
          "2025-12-06T10:05",
          "2025-12-06T12:45",
          "2025-12-06T15:25",
          "2025-12-06T18:05",
          "2025-12-06T20:45",
          "2025-12-06T23:25",
          "2025-12-06T09:30",
          "2025-12-06T10:45",
          "2025-12-06T11:20",
          "2025-12-06T12:05",
          "2025-12-06T13:25",
          "2025-12-06T13:55",
          "2025-12-06T14:45",
          "2025-12-06T16:00",
          "2025-12-06T16:30",
          "2025-12-06T17:25",
          "2025-12-06T18:35",
          "2025-12-06T19:05",
          "2025-12-06T20:05",
          "2025-12-06T21:10",
          "2025-12-06T21:40",
          "2025-12-06T21:55",
          "2025-12-06T22:45",
          "2025-12-06T23:45"
        ]
      },
      {
        "title": "JUJUTSU KAISEN: Execution (2025)",
        "showtimes": [
          "2025-12-06T09:25",
          "2025-12-06T11:20",
          "2025-12-06T16:00",
          "2025-12-06T18:05",
          "2025-12-06T20:40",
          "2025-12-06T22:40",
          "2025-12-06T11:40",
          "2025-12-06T13:40",
          "2025-12-06T18:20",
          "2025-12-06T23:00"
        ]
      },
      {
        "title": "Kill Bill: The Whole Bloody Affair",
        "showtimes": [
          "2025-12-06T14:00"
        ]
      },
      {
        "title": "Merrily We Roll Along (2025)",
        "showtimes": [
          "2025-12-06T15:25",
          "2025-12-06T18:30"
        ]
      },
      {
        "title": "The Doors: When You're Strange (2025)",
        "showtimes": [
          "2025-12-06T13:05"
        ]
      },
      {
        "title": "Eternity (2025)",
        "showtimes": [
          "2025-12-06T09:35",
          "2025-12-06T13:50",
          "2025-12-06T16:25",
          "2025-12-06T20:20",
          "2025-12-06T23:05"
        ]
      },
      {
        "title": "Hamnet (2025)",
        "showtimes": [
          "2025-12-06T10:50",
          "2025-12-06T19:50",
          "2025-12-06T22:50"
        ]
      },
      {
        "title": "Zootopia 2 (2025)",
        "showtimes": [
          "2025-12-06T09:25",
          "2025-12-06T12:00",
          "2025-12-06T14:35",
          "2025-12-06T17:15",
          "2025-12-06T19:55",
          "2025-12-06T09:25",
          "2025-12-06T12:00",
          "2025-12-06T14:35",
          "2025-12-06T17:15",
          "2025-12-06T19:55",
          "2025-12-06T14:55",
          "2025-12-06T17:35",
          "2025-12-06T20:15",
          "2025-12-06T10:00",
          "2025-12-06T11:15",
          "2025-12-06T12:20",
          "2025-12-06T12:40",
          "2025-12-06T13:55",
          "2025-12-06T15:20",
          "2025-12-06T15:30",
          "2025-12-06T16:35",
          "2025-12-06T18:00",
          "2025-12-06T18:25",
          "2025-12-06T19:15",
          "2025-12-06T20:40",
          "2025-12-06T21:05",
          "2025-12-06T21:55",
          "2025-12-06T22:55",
          "2025-12-06T23:20"
        ]
      },
      {
        "title": "Rental Family (2025)",
        "showtimes": [
          "2025-12-06T09:25",
          "2025-12-06T12:55"
        ]
      },
      {
        "title": "Wicked: For Good (2025)",
        "showtimes": [
          "2025-12-06T22:35",
          "2025-12-06T22:35",
          "2025-12-06T12:25",
          "2025-12-06T15:35",
          "2025-12-06T18:45",
          "2025-12-06T09:50",
          "2025-12-06T10:00",
          "2025-12-06T11:00",
          "2025-12-06T12:25",
          "2025-12-06T13:10",
          "2025-12-06T14:10",
          "2025-12-06T15:35",
          "2025-12-06T16:20",
          "2025-12-06T17:20",
          "2025-12-06T18:45",
          "2025-12-06T19:30",
          "2025-12-06T20:30",
          "2025-12-06T21:35"
        ]
      },
      {
        "title": "Now You See Me: Now You Don't (2025)",
        "showtimes": [
          "2025-12-06T10:10",
          "2025-12-06T15:00",
          "2025-12-06T17:40",
          "2025-12-06T20:25",
          "2025-12-06T23:35"
        ]
      },
      {
        "title": "The Running Man (2025)",
        "showtimes": [
          "2025-12-06T09:25",
          "2025-12-06T13:20",
          "2025-12-06T16:40",
          "2025-12-06T19:35",
          "2025-12-06T22:40"
        ]
      },
      {
        "title": "Predator: Badlands (2025)",
        "showtimes": [
          "2025-12-06T09:35",
          "2025-12-06T12:15",
          "2025-12-06T15:45",
          "2025-12-06T19:10",
          "2025-12-06T23:10"
        ]
      },
      {
        "title": "Hijacked (2025)",
        "showtimes": [
          "2025-12-06T21:50"
        ]
      },
      {
        "title": "Sentimental Value (2025)",
        "showtimes": [
          "2025-12-06T10:20"
        ]
      },
      {
        "title": "Five Nights at Freddy's 2 (2025)",
        "showtimes": [
          "2025-12-06T11:00",
          "2025-12-06T13:35",
          "2025-12-06T16:10",
          "2025-12-06T18:45",
          "2025-12-06T21:20",
          "2025-12-06T11:30",
          "2025-12-06T12:00",
          "2025-12-06T14:05",
          "2025-12-06T14:35",
          "2025-12-06T16:40",
          "2025-12-06T17:10",
          "2025-12-06T19:15",
          "2025-12-06T19:45",
          "2025-12-06T21:50",
          "2025-12-06T22:20"
        ]
      },
      {
        "title": "JUJUTSU KAISEN: Execution (2025)",
        "showtimes": [
          "2025-12-06T11:40",
          "2025-12-06T14:00",
          "2025-12-06T16:20",
          "2025-12-06T18:50",
          "2025-12-06T21:15",
          "2025-12-06T12:40",
          "2025-12-06T15:00",
          "2025-12-06T17:25",
          "2025-12-06T19:50",
          "2025-12-06T22:25"
        ]
      },
      {
        "title": "Kill Bill: The Whole Bloody Affair",
        "showtimes": [
          "2025-12-06T12:30",
          "2025-12-06T18:15"
        ]
      },
      {
        "title": "Eternity (2025)",
        "showtimes": [
          "2025-12-06T11:05",
          "2025-12-06T13:50",
          "2025-12-06T16:25",
          "2025-12-06T19:20",
          "2025-12-06T22:00"
        ]
      },
      {
        "title": "Wake Up Dead Man: A Knives Out Mystery (2025)",
        "showtimes": [
          "2025-12-06T11:45",
          "2025-12-06T12:25",
          "2025-12-06T15:05",
          "2025-12-06T15:45",
          "2025-12-06T18:20",
          "2025-12-06T19:00",
          "2025-12-06T21:35",
          "2025-12-06T22:15"
        ]
      },
      {
        "title": "Zootopia 2 (2025)",
        "showtimes": [
          "2025-12-06T11:20",
          "2025-12-06T11:50",
          "2025-12-06T12:50",
          "2025-12-06T13:55",
          "2025-12-06T14:25",
          "2025-12-06T15:30",
          "2025-12-06T16:30",
          "2025-12-06T17:00",
          "2025-12-06T18:35",
          "2025-12-06T19:05",
          "2025-12-06T19:35",
          "2025-12-06T21:10",
          "2025-12-06T21:40",
          "2025-12-06T22:10"
        ]
      },
      {
        "title": "Wicked: For Good (2025)",
        "showtimes": [
          "2025-12-06T11:00",
          "2025-12-06T12:15",
          "2025-12-06T14:15",
          "2025-12-06T15:50",
          "2025-12-06T17:20",
          "2025-12-06T19:10",
          "2025-12-06T20:30",
          "2025-12-06T22:15"
        ]
      },
      {
        "title": "Now You See Me: Now You Don't (2025)",
        "showtimes": [
          "2025-12-06T11:15",
          "2025-12-06T14:10",
          "2025-12-06T16:50",
          "2025-12-06T19:30",
          "2025-12-06T22:10"
        ]
      },
      {
        "title": "Predator: Badlands (2025)",
        "showtimes": [
          "2025-12-06T11:10",
          "2025-12-06T13:40",
          "2025-12-06T16:35",
          "2025-12-06T19:25",
          "2025-12-06T22:05"
        ]
      },
      {
        "title": "Demon Slayer: Kimetsu no Yaiba Infinity Castle (2025)",
        "showtimes": [
          "2025-12-06T11:25",
          "2025-12-06T18:05",
          "2025-12-06T14:45",
          "2025-12-06T21:25"
        ]
      }
    ]
  }
]