[
  {
    "theater_name": "AMC Marina Pacifica 12",
    "address": "6346 E. Pacific Coast Hwy.\nLong Beach, CA 90803",
    "movies": [
      {
        "title": "Fackham Hall (2025)",
        "showtimes": []
      },
      {
        "title": "Five Nights at Freddy's 2 (2025)",
        "showtimes": [
          "2025-12-05T15:15",
          "2025-12-05T16:00",
          "2025-12-05T18:15",
          "2025-12-05T19:00",
          "2025-12-05T21:15",
          "2025-12-05T21:55",
          "2025-12-05T22:15",
          "2025-12-05T22:45"
        ]
      },
      {
        "title": "JUJUTSU KAISEN: Execution (2025)",
        "showtimes": [
          "2025-12-05T22:30",
          "2025-12-05T14:20",
          "2025-12-05T17:05",
          "2025-12-05T19:50"
        ]
      },
      {
        "title": "Kill Bill: The Whole Bloody Affair",
        "showtimes": [
          "2025-12-05T19:00"
        ]
      },
      {
        "title": "Eternity (2025)",
        "showtimes": [
          "2025-12-05T16:05",
          "2025-12-05T19:05"
        ]
      },
      {
        "title": "Hamnet (2025)",
        "showtimes": [
          "2025-12-05T15:35",
          "2025-12-05T18:40",
          "2025-12-05T21:50"
        ]
      },
      {
        "title": "Zootopia 2 (2025)",
        "showtimes": [
          "2025-12-05T15:30",
          "2025-12-05T18:35",
          "2025-12-05T16:30",
          "2025-12-05T19:25",
          "2025-12-05T22:25"
        ]
      },
      {
        "title": "Rental Family (2025)",
        "showtimes": [
          "2025-12-05T13:50",
          "2025-12-05T16:45",
          "2025-12-05T19:40",
          "2025-12-05T22:30"
        ]
      },
      {
        "title": "Wicked: For Good (2025)",
        "showtimes": [
          "2025-12-05T19:20",
          "2025-12-05T15:00",
          "2025-12-05T15:45",
          "2025-12-05T18:30",
          "2025-12-05T22:05"
        ]
      },
      {
        "title": "Now You See Me: Now You Don't (2025)",
        "showtimes": [
          "2025-12-05T14:05",
          "2025-12-05T16:55",
          "2025-12-05T19:40",
          "2025-12-05T22:30"
        ]
      },
      {
        "title": "Predator: Badlands (2025)",
        "showtimes": [
          "2025-12-05T21:35"
        ]
      },
      {
        "title": "Five Nights at Freddy's 2 (2025)",
        "showtimes": [
          "2025-12-05T14:30",
          "2025-12-05T17:10",
          "2025-12-05T19:50",
          "2025-12-05T22:30",
          "2025-12-05T15:20",
          "2025-12-05T16:20",
          "2025-12-05T17:25",
          "2025-12-05T18:00",
          "2025-12-05T18:10",
          "2025-12-05T18:40",
          "2025-12-05T19:00",
          "2025-12-05T20:40",
          "2025-12-05T21:10",
          "2025-12-05T21:40",
          "2025-12-05T22:55",
          "2025-12-05T23:20",
          "2025-12-05T23:40",
          "2025-12-05T23:50",
          "2025-12-05T00:01"
        ]
      },
      {
        "title": "JUJUTSU KAISEN: Execution (2025)",
        "showtimes": [
          "2025-12-05T16:15",
          "2025-12-05T18:45",
          "2025-12-05T13:50",
          "2025-12-05T20:45",
          "2025-12-05T21:10",
          "2025-12-05T23:35"
        ]
      },
      {
        "title": "Kill Bill: The Whole Bloody Affair",
        "showtimes": [
          "2025-12-05T18:00"
        ]
      },
      {
        "title": "Eternity (2025)",
        "showtimes": [
          "2025-12-05T15:10"
        ]
      },
      {
        "title": "Zootopia 2 (2025)",
        "showtimes": [
          "2025-12-05T14:25",
          "2025-12-05T20:00",
          "2025-12-05T14:25",
          "2025-12-05T20:00",
          "2025-12-05T17:15",
          "2025-12-05T17:15",
          "2025-12-05T15:15",
          "2025-12-05T15:45",
          "2025-12-05T16:30",
          "2025-12-05T18:30",
          "2025-12-05T19:15",
          "2025-12-05T21:15",
          "2025-12-05T22:00"
        ]
      },
      {
        "title": "Wicked: For Good (2025)",
        "showtimes": [
          "2025-12-05T22:45",
          "2025-12-05T22:45",
          "2025-12-05T14:35",
          "2025-12-05T17:45",
          "2025-12-05T14:00",
          "2025-12-05T14:35",
          "2025-12-05T17:15",
          "2025-12-05T17:45",
          "2025-12-05T20:30"
        ]
      },
      {
        "title": "Now You See Me: Now You Don't (2025)",
        "showtimes": [
          "2025-12-05T14:05",
          "2025-12-05T16:50",
          "2025-12-05T19:40",
          "2025-12-05T23:30"
        ]
      },
      {
        "title": "The Running Man (2025)",
        "showtimes": [
          "2025-12-05T15:30",
          "2025-12-05T21:50"
        ]
      },
      {
        "title": "Predator: Badlands (2025)",
        "showtimes": [
          "2025-12-05T14:40",
          "2025-12-05T20:10",
          "2025-12-05T23:10"
        ]
      },
      {
        "title": "Dhurandhar (2025)",
        "showtimes": [
          "2025-12-05T15:25",
          "2025-12-05T21:55"
        ]
      },
      {
        "title": "Fackham Hall (2025)",
        "showtimes": [
          "2025-12-05T13:55",
          "2025-12-05T16:40",
          "2025-12-05T19:25",
          "2025-12-05T22:05"
        ]
      },
      {
        "title": "Five Nights at Freddy's 2 (2025)",
        "showtimes": [
          "2025-12-05T13:50",
          "2025-12-05T14:40",
          "2025-12-05T15:35",
          "2025-12-05T16:35",
          "2025-12-05T16:50",
          "2025-12-05T17:25",
          "2025-12-05T18:20",
          "2025-12-05T18:40",
          "2025-12-05T19:05",
          "2025-12-05T19:20",
          "2025-12-05T19:40",
          "2025-12-05T20:05",
          "2025-12-05T21:05",
          "2025-12-05T22:10",
          "2025-12-05T22:20",
          "2025-12-05T22:45"
        ]
      },
      {
        "title": "JUJUTSU KAISEN: Execution (2025)",
        "showtimes": [
          "2025-12-05T17:20",
          "2025-12-05T22:20",
          "2025-12-05T14:50",
          "2025-12-05T16:25",
          "2025-12-05T19:50",
          "2025-12-05T20:25",
          "2025-12-05T21:45",
          "2025-12-05T22:55"
        ]
      },
      {
        "title": "Kill Bill: The Whole Bloody Affair",
        "showtimes": [
          "2025-12-05T17:10",
          "2025-12-05T20:10"
        ]
      },
      {
        "title": "Merrily We Roll Along (2025)",
        "showtimes": [
          "2025-12-05T15:00",
          "2025-12-05T19:00"
        ]
      },
      {
        "title": "Eternity (2025)",
        "showtimes": [
          "2025-12-05T15:20",
          "2025-12-05T18:05",
          "2025-12-05T20:55"
        ]
      },
      {
        "title": "Hamnet (2025)",
        "showtimes": [
          "2025-12-05T14:25",
          "2025-12-05T17:35",
          "2025-12-05T20:40"
        ]
      },
      {
        "title": "Zootopia 2 (2025)",
        "showtimes": [
          "2025-12-05T16:20",
          "2025-12-05T14:20",
          "2025-12-05T17:05",
          "2025-12-05T19:45",
          "2025-12-05T22:25",
          "2025-12-05T19:30",
          "2025-12-05T18:25",
          "2025-12-05T14:55",
          "2025-12-05T15:40",
          "2025-12-05T17:40",
          "2025-12-05T21:10",
          "2025-12-05T21:55"
        ]
      },
      {
        "title": "Rental Family (2025)",
        "showtimes": [
          "2025-12-05T22:25"
        ]
      },
      {
        "title": "Sisu: Road to Revenge (2025)",
        "showtimes": [
          "2025-12-05T16:10",
          "2025-12-05T20:00"
        ]
      },
      {
        "title": "Wicked: For Good (2025)",
        "showtimes": [
          "2025-12-05T19:00",
          "2025-12-05T22:15",
          "2025-12-05T16:15",
          "2025-12-05T22:30",
          "2025-12-05T14:00",
          "2025-12-05T14:30",
          "2025-12-05T18:00",
          "2025-12-05T21:30",
          "2025-12-05T15:15",
          "2025-12-05T17:15",
          "2025-12-05T18:45",
          "2025-12-05T20:45",
          "2025-12-05T22:00"
        ]
      },
      {
        "title": "Now You See Me: Now You Don't (2025)",
        "showtimes": [
          "2025-12-05T16:05",
          "2025-12-05T18:55",
          "2025-12-05T21:50"
        ]
      },
      {
        "title": "The Running Man (2025)",
        "showtimes": [
          "2025-12-05T19:40"
        ]
      },
      {
        "title": "Nuremberg (2025)",
        "showtimes": [
          "2025-12-05T15:10",
          "2025-12-05T18:30"
        ]
      },
      {
        "title": "Predator: Badlands (2025)",
        "showtimes": [
          "2025-12-05T16:50",
          "2025-12-05T18:40",
          "2025-12-05T22:35"
        ]
      },
      {
        "title": "Chainsaw Man - The Movie: Reze Arc (2025)",
        "showtimes": [
          "2025-12-05T16:05"
        ]
      },
      {
        "title": "Black Phone 2 (2025)",
        "showtimes": [
          "2025-12-05T22:55"
        ]
      },
      {
        "title": "One Battle After Another (2025)",
        "showtimes": [
          "2025-12-05T21:20"
        ]
      },
      {
        "title": "Demon Slayer: Kimetsu no Yaiba Infinity Castle (2025)",
        "showtimes": [
          "2025-12-05T16:25",
          "2025-12-05T22:40"
        ]
      },
      {
        "title": "Four Christmases",
        "showtimes": []
      },
      {
        "title": "Fackham Hall (2025)",
        "showtimes": [
          "2025-12-05T14:05",
          "2025-12-05T16:35",
          "2025-12-05T19:05",
          "2025-12-05T21:35"
        ]
      },
      {
        "title": "Five Nights at Freddy's 2 (2025)",
        "showtimes": [
          "2025-12-05T14:00",
          "2025-12-05T15:25",
          "2025-12-05T16:35",
          "2025-12-05T18:10",
          "2025-12-05T19:10",
          "2025-12-05T20:45",
          "2025-12-05T21:45"
        ]
      },
      {
        "title": "Kill Bill: The Whole Bloody Affair",
        "showtimes": [
          "2025-12-05T13:55",
          "2025-12-05T19:20"
        ]
      },
      {
        "title": "Eternity (2025)",
        "showtimes": [
          "2025-12-05T13:50",
          "2025-12-05T16:35",
          "2025-12-05T19:20",
          "2025-12-05T22:05"
        ]
      },
      {
        "title": "Zootopia 2 (2025)",
        "showtimes": [
          "2025-12-05T16:20",
          "2025-12-05T14:40",
          "2025-12-05T15:40",
          "2025-12-05T17:20",
          "2025-12-05T18:20",
          "2025-12-05T19:00",
          "2025-12-05T20:00",
          "2025-12-05T21:00",
          "2025-12-05T21:40"
        ]
      },
      {
        "title": "Rental Family (2025)",
        "showtimes": [
          "2025-12-05T14:00",
          "2025-12-05T16:40",
          "2025-12-05T19:20"
        ]
      },
      {
        "title": "Sisu: Road to Revenge (2025)",
        "showtimes": [
          "2025-12-05T16:40",
          "2025-12-05T22:05"
        ]
      },
      {
        "title": "Wicked: For Good (2025)",
        "showtimes": [
          "2025-12-05T19:10",
          "2025-12-05T22:20",
          "2025-12-05T14:25",
          "2025-12-05T15:25",
          "2025-12-05T18:10",
          "2025-12-05T21:20"
        ]
      },
      {
        "title": "Keeper (2025)",
        "showtimes": [
          "2025-12-05T21:50"
        ]
      },
      {
        "title": "Now You See Me: Now You Don't (2025)",
        "showtimes": [
          "2025-12-05T13:55",
          "2025-12-05T16:40",
          "2025-12-05T19:25",
          "2025-12-05T22:10"
        ]
      },
      {
        "title": "The Running Man (2025)",
        "showtimes": [
          "2025-12-05T19:00"
        ]
      },
      {
        "title": "Predator: Badlands (2025)",
        "showtimes": [
          "2025-12-05T13:50",
          "2025-12-05T16:30",
          "2025-12-05T19:10",
          "2025-12-05T21:50"
        ]
      },
      {
        "title": "Sarah's Oil (2025)",
        "showtimes": [
          "2025-12-05T14:25",
          "2025-12-05T17:00",
          "2025-12-05T19:35",
          "2025-12-05T22:10"
        ]
      },
      {
        "title": "Regretting You (2025)",
        "showtimes": [
          "2025-12-05T14:00",
          "2025-12-05T19:30"
        ]
      },
      {
        "title": "Black Phone 2 (2025)",
        "showtimes": [
          "2025-12-05T16:45",
          "2025-12-05T22:15"
        ]
      },
      {
        "title": "Five Nights at Freddy's 2 (2025)",
        "showtimes": [
          "2025-12-05T14:00",
          "2025-12-05T16:35",
          "2025-12-05T19:10",
          "2025-12-05T21:45"
        ]
      },
      {
        "title": "Zootopia 2 (2025)",
        "showtimes": [
          "2025-12-05T16:20",
          "2025-12-05T19:00",
          "2025-12-05T21:40"
        ]
      },
      {
        "title": "Wicked: For Good (2025)",
        "showtimes": [
          "2025-12-05T15:25",
          "2025-12-05T19:05",
          "2025-12-05T22:05"
        ]
      },
      {
        "title": "A Christmas Story (1983)",
        "showtimes": [
          "2025-12-05T16:25"
        ]
      },
      {
        "title": "Fackham Hall (2025)",
        "showtimes": [
          "2025-12-05T15:40"
        ]
      },
      {
        "title": "Five Nights at Freddy's 2 (2025)",
        "showtimes": [
          "2025-12-05T16:30",
          "2025-12-05T19:00",
          "2025-12-05T21:40",
          "2025-12-05T14:20",
          "2025-12-05T15:20",
          "2025-12-05T17:00",
          "2025-12-05T18:00",
          "2025-12-05T18:30",
          "2025-12-05T19:40",
          "2025-12-05T20:40",
          "2025-12-05T21:20",
          "2025-12-05T22:10",
          "2025-12-05T22:20",
          "2025-12-05T22:30",
          "2025-12-05T23:05",
          "2025-12-05T23:10"
        ]
      },
      {
        "title": "JUJUTSU KAISEN: Execution (2025)",
        "showtimes": [
          "2025-12-05T16:20",
          "2025-12-05T20:40",
          "2025-12-05T14:10",
          "2025-12-05T18:30",
          "2025-12-05T22:55"
        ]
      },
      {
        "title": "Kill Bill: The Whole Bloody Affair",
        "showtimes": [
          "2025-12-05T19:15"
        ]
      },
      {
        "title": "Eternity (2025)",
        "showtimes": [
          "2025-12-05T14:20",
          "2025-12-05T18:00",
          "2025-12-05T21:25"
        ]
      },
      {
        "title": "Hamnet (2025)",
        "showtimes": [
          "2025-12-05T13:50",
          "2025-12-05T16:35",
          "2025-12-05T19:25",
          "2025-12-05T22:10"
        ]
      },
      {
        "title": "Zootopia 2 (2025)",
        "showtimes": [
          "2025-12-05T14:20",
          "2025-12-05T14:45",
          "2025-12-05T16:15",
          "2025-12-05T17:00",
          "2025-12-05T18:45",
          "2025-12-05T19:45",
          "2025-12-05T21:15"
        ]
      },
      {
        "title": "Rental Family (2025)",
        "showtimes": [
          "2025-12-05T20:35"
        ]
      },
      {
        "title": "Wicked: For Good (2025)",
        "showtimes": [
          "2025-12-05T15:20",
          "2025-12-05T16:20",
          "2025-12-05T18:20",
          "2025-12-05T19:20",
          "2025-12-05T21:20"
        ]
      },
      {
        "title": "Now You See Me: Now You Don't (2025)",
        "showtimes": [
          "2025-12-05T19:20",
          "2025-12-05T22:00"
        ]
      },
      {
        "title": "The Running Man (2025)",
        "showtimes": [
          "2025-12-05T15:20",
          "2025-12-05T18:20",
          "2025-12-05T21:15"
        ]
      },
      {
        "title": "Predator: Badlands (2025)",
        "showtimes": [
          "2025-12-05T16:55",
          "2025-12-05T21:55"
        ]
      },
      {
        "title": "The Polar Express",
        "showtimes": [
          "2025-12-05T19:05"
        ]
      },
      {
        "title": "Five Nights at Freddy's 2 (2025)",
        "showtimes": [
          "2025-12-05T14:30",
          "2025-12-05T15:45",
          "2025-12-05T17:00",
          "2025-12-05T18:15",
          "2025-12-05T19:30",
          "2025-12-05T20:45",
          "2025-12-05T22:00"
        ]
      },
      {
        "title": "Eternity (2025)",
        "showtimes": [
          "2025-12-05T14:00",
          "2025-12-05T16:40",
          "2025-12-05T19:20",
          "2025-12-05T22:10"
        ]
      },
      {
        "title": "Zootopia 2 (2025)",
        "showtimes": [
          "2025-12-05T16:20",
          "2025-12-05T17:40",
          "2025-12-05T19:00",
          "2025-12-05T20:20",
          "2025-12-05T21:40",
          "2025-12-05T15:00"
        ]
      },
      {
        "title": "Rental Family (2025)",
        "showtimes": [
          "2025-12-05T14:05",
          "2025-12-05T16:55",
          "2025-12-05T19:40",
          "2025-12-05T22:20"
        ]
      },
      {
        "title": "Wicked: For Good (2025)",
        "showtimes": [
          "2025-12-05T15:35",
          "2025-12-05T18:45",
          "2025-12-05T21:50"
        ]
      },
      {
        "title": "Now You See Me: Now You Don't (2025)",
        "showtimes": [
          "2025-12-05T13:50",
          "2025-12-05T16:30",
          "2025-12-05T19:10",
          "2025-12-05T22:05"
        ]
      },
      {
        "title": "Predator: Badlands (2025)",
        "showtimes": [
          "2025-12-05T14:10",
          "2025-12-05T16:50",
          "2025-12-05T19:45",
          "2025-12-05T22:20"
        ]
      },
      {
        "title": "Chainsaw Man - The Movie: Reze Arc (2025)",
        "showtimes": [
          "2025-12-05T17:05",
          "2025-12-05T14:20",
          "2025-12-05T19:50",
          "2025-12-05T22:20"
        ]
      },
      {
        "title": "Five Nights at Freddy's 2 (2025)",
        "showtimes": [
          "2025-12-05T15:15",
          "2025-12-05T18:00",
          "2025-12-05T20:45",
          "2025-12-05T16:30",
          "2025-12-05T19:15",
          "2025-12-05T22:10"
        ]
      },
      {
        "title": "JUJUTSU KAISEN: Execution (2025)",
        "showtimes": [
          "2025-12-05T13:50",
          "2025-12-05T18:55",
          "2025-12-05T16:25",
          "2025-12-05T21:25"
        ]
      },
      {
        "title": "Merrily We Roll Along (2025)",
        "showtimes": [
          "2025-12-05T15:00",
          "2025-12-05T19:00"
        ]
      },
      {
        "title": "Eternity (2025)",
        "showtimes": [
          "2025-12-05T16:20",
          "2025-12-05T22:25"
        ]
      },
      {
        "title": "Zootopia 2 (2025)",
        "showtimes": [
          "2025-12-05T13:55",
          "2025-12-05T15:20",
          "2025-12-05T16:40",
          "2025-12-05T18:10",
          "2025-12-05T19:30",
          "2025-12-05T21:00",
          "2025-12-05T22:20"
        ]
      },
      {
        "title": "Wicked: For Good (2025)",
        "showtimes": [
          "2025-12-05T15:30",
          "2025-12-05T19:00",
          "2025-12-05T22:15"
        ]
      },
      {
        "title": "Now You See Me: Now You Don't (2025)",
        "showtimes": [
          "2025-12-05T19:10",
          "2025-12-05T22:05"
        ]
      },
      {
        "title": "Predator: Badlands (2025)",
        "showtimes": [
          "2025-12-05T16:15",
          "2025-12-05T19:05",
          "2025-12-05T21:50"
        ]
      },
      {
        "title": "Dhurandhar (2025)",
        "showtimes": [
          "2025-12-05T21:50"
        ]
      },
      {
        "title": "Fackham Hall (2025)",
        "showtimes": [
          "2025-12-05T15:30"
        ]
      },
      {
        "title": "Five Nights at Freddy's 2 (2025)",
        "showtimes": [
          "2025-12-05T15:25",
          "2025-12-05T18:05",
          "2025-12-05T20:45",
          "2025-12-05T23:25",
          "2025-12-05T13:55",
          "2025-12-05T14:45",
          "2025-12-05T15:45",
          "2025-12-05T16:00",
          "2025-12-05T16:30",
          "2025-12-05T17:25",
          "2025-12-05T18:35",
          "2025-12-05T19:05",
          "2025-12-05T19:45",
          "2025-12-05T20:05",
          "2025-12-05T21:10",
          "2025-12-05T21:40",
          "2025-12-05T21:55",
          "2025-12-05T22:40",
          "2025-12-05T22:45",
          "2025-12-05T23:45"
        ]
      },
      {
        "title": "JUJUTSU KAISEN: Execution (2025)",
        "showtimes": [
          "2025-12-05T16:00",
          "2025-12-05T17:55",
          "2025-12-05T20:40",
          "2025-12-05T21:15",
          "2025-12-05T23:45",
          "2025-12-05T18:20",
          "2025-12-05T18:45",
          "2025-12-05T23:00"
        ]
      },
      {
        "title": "Kill Bill: The Whole Bloody Affair",
        "showtimes": [
          "2025-12-05T18:00"
        ]
      },
      {
        "title": "Merrily We Roll Along (2025)",
        "showtimes": [
          "2025-12-05T15:25",
          "2025-12-05T18:30"
        ]
      },
      {
        "title": "Eternity (2025)",
        "showtimes": [
          "2025-12-05T16:00",
          "2025-12-05T20:20",
          "2025-12-05T23:05"
        ]
      },
      {
        "title": "Hamnet (2025)",
        "showtimes": [
          "2025-12-05T15:00",
          "2025-12-05T23:30"
        ]
      },
      {
        "title": "Zootopia 2 (2025)",
        "showtimes": [
          "2025-12-05T14:35",
          "2025-12-05T17:15",
          "2025-12-05T19:55",
          "2025-12-05T14:35",
          "2025-12-05T17:15",
          "2025-12-05T19:55",
          "2025-12-05T14:55",
          "2025-12-05T17:35",
          "2025-12-05T13:55",
          "2025-12-05T15:20",
          "2025-12-05T16:35",
          "2025-12-05T18:00",
          "2025-12-05T18:25",
          "2025-12-05T19:15",
          "2025-12-05T20:15",
          "2025-12-05T20:40",
          "2025-12-05T21:05",
          "2025-12-05T21:55",
          "2025-12-05T22:55",
          "2025-12-05T23:20"
        ]
      },
      {
        "title": "Rental Family (2025)",
        "showtimes": [
          "2025-12-05T13:50"
        ]
      },
      {
        "title": "Wicked: For Good (2025)",
        "showtimes": [
          "2025-12-05T22:35",
          "2025-12-05T22:35",
          "2025-12-05T15:35",
          "2025-12-05T18:45",
          "2025-12-05T14:10",
          "2025-12-05T15:35",
          "2025-12-05T16:20",
          "2025-12-05T17:20",
          "2025-12-05T18:45",
          "2025-12-05T19:30",
          "2025-12-05T20:30",
          "2025-12-05T21:35"
        ]
      },
      {
        "title": "Now You See Me: Now You Don't (2025)",
        "showtimes": [
          "2025-12-05T15:05",
          "2025-12-05T17:50",
          "2025-12-05T20:35",
          "2025-12-05T23:35"
        ]
      },
      {
        "title": "The Running Man (2025)",
        "showtimes": [
          "2025-12-05T16:40",
          "2025-12-05T23:20"
        ]
      },
      {
        "title": "Predator: Badlands (2025)",
        "showtimes": [
          "2025-12-05T16:25",
          "2025-12-05T19:10",
          "2025-12-05T23:40"
        ]
      },
      {
        "title": "Hijacked (2025)",
        "showtimes": [
          "2025-12-05T22:50"
        ]
      },
      {
        "title": "Sentimental Value (2025)",
        "showtimes": []
      },
      {
        "title": "Five Nights at Freddy's 2 (2025)",
        "showtimes": [
          "2025-12-05T16:10",
          "2025-12-05T18:45",
          "2025-12-05T21:20",
          "2025-12-05T14:05",
          "2025-12-05T14:35",
          "2025-12-05T16:40",
          "2025-12-05T17:10",
          "2025-12-05T19:15",
          "2025-12-05T19:45",
          "2025-12-05T21:50",
          "2025-12-05T22:20"
        ]
      },
      {
        "title": "JUJUTSU KAISEN: Execution (2025)",
        "showtimes": [
          "2025-12-05T14:00",
          "2025-12-05T16:20",
          "2025-12-05T18:50",
          "2025-12-05T21:15",
          "2025-12-05T15:00",
          "2025-12-05T17:25",
          "2025-12-05T19:50",
          "2025-12-05T22:25"
        ]
      },
      {
        "title": "Kill Bill: The Whole Bloody Affair",
        "showtimes": [
          "2025-12-05T18:15"
        ]
      },
      {
        "title": "Eternity (2025)",
        "showtimes": [
          "2025-12-05T13:50",
          "2025-12-05T16:25",
          "2025-12-05T19:20",
          "2025-12-05T22:00"
        ]
      },
      {
        "title": "Wake Up Dead Man: A Knives Out Mystery (2025)",
        "showtimes": [
          "2025-12-05T15:05",
          "2025-12-05T15:45",
          "2025-12-05T18:20",
          "2025-12-05T19:00",
          "2025-12-05T21:35",
          "2025-12-05T22:15"
        ]
      },
      {
        "title": "Zootopia 2 (2025)",
        "showtimes": [
          "2025-12-05T13:55",
          "2025-12-05T14:25",
          "2025-12-05T15:30",
          "2025-12-05T16:30",
          "2025-12-05T17:00",
          "2025-12-05T18:35",
          "2025-12-05T19:05",
          "2025-12-05T19:35",
          "2025-12-05T21:10",
          "2025-12-05T21:40",
          "2025-12-05T22:10"
        ]
      },
      {
        "title": "Wicked: For Good (2025)",
        "showtimes": [
          "2025-12-05T14:15",
          "2025-12-05T15:50",
          "2025-12-05T17:20",
          "2025-12-05T19:10",
          "2025-12-05T20:30",
          "2025-12-05T22:15"
        ]
      },
      {
        "title": "Now You See Me: Now You Don't (2025)",
        "showtimes": [
          "2025-12-05T14:10",
          "2025-12-05T16:50",
          "2025-12-05T19:30",
          "2025-12-05T22:10"
        ]
      },
      {
        "title": "Predator: Badlands (2025)",
        "showtimes": [
          "2025-12-05T16:35",
          "2025-12-05T19:25",
          "2025-12-05T22:05"
        ]
      },
      {
        "title": "Demon Slayer: Kimetsu no Yaiba Infinity Castle (2025)",
        "showtimes": [
          "2025-12-05T18:05",
          "2025-12-05T14:45",
          "2025-12-05T21:25"
        ]
      }
    ]
  }
]