[
  {
    "theater_name": "AMC Marina Pacifica 12",
    "address": "6346 E. Pacific Coast Hwy.\nLong Beach, CA 90803",
    "movies": [
      {
        "title": "Fackham Hall (2025)",
        "showtimes": [
          "2025-12-08T12:35"
        ]
      },
      {
        "title": "Five Nights at Freddy's 2 (2025)",
        "showtimes": [
          "2025-12-08T13:00",
          "2025-12-08T15:15",
          "2025-12-08T16:00",
          "2025-12-08T18:15",
          "2025-12-08T19:00",
          "2025-12-08T21:15",
          "2025-12-08T21:55"
        ]
      },
      {
        "title": "JUJUTSU KAISEN: Execution (2025)",
        "showtimes": [
          "2025-12-08T12:00",
          "2025-12-08T22:05",
          "2025-12-08T14:30",
          "2025-12-08T17:00",
          "2025-12-08T19:35"
        ]
      },
      {
        "title": "Kill Bill: The Whole Bloody Affair",
        "showtimes": [
          "2025-12-08T13:00",
          "2025-12-08T19:00"
        ]
      },
      {
        "title": "Eternity (2025)",
        "showtimes": [
          "2025-12-08T13:15",
          "2025-12-08T16:10",
          "2025-12-08T19:05",
          "2025-12-08T22:05"
        ]
      },
      {
        "title": "Hamnet (2025)",
        "showtimes": [
          "2025-12-08T12:10",
          "2025-12-08T15:35",
          "2025-12-08T18:40",
          "2025-12-08T21:50"
        ]
      },
      {
        "title": "Zootopia 2 (2025)",
        "showtimes": [
          "2025-12-08T12:15",
          "2025-12-08T15:30",
          "2025-12-08T18:35",
          "2025-12-08T13:30",
          "2025-12-08T16:30",
          "2025-12-08T19:25",
          "2025-12-08T21:40"
        ]
      },
      {
        "title": "Rental Family (2025)",
        "showtimes": [
          "2025-12-08T13:40",
          "2025-12-08T16:30",
          "2025-12-08T19:25",
          "2025-12-08T22:15"
        ]
      },
      {
        "title": "Wicked: For Good (2025)",
        "showtimes": [
          "2025-12-08T12:15",
          "2025-12-08T19:20",
          "2025-12-08T15:20",
          "2025-12-08T15:45",
          "2025-12-08T18:40",
          "2025-12-08T22:05"
        ]
      },
      {
        "title": "Now You See Me: Now You Don't (2025)",
        "showtimes": [
          "2025-12-08T13:35",
          "2025-12-08T16:30",
          "2025-12-08T19:30",
          "2025-12-08T22:15"
        ]
      },
      {
        "title": "Predator: Badlands (2025)",
        "showtimes": [
          "2025-12-08T22:15"
        ]
      },
      {
        "title": "Five Nights at Freddy's 2 (2025)",
        "showtimes": [
          "2025-12-08T14:30",
          "2025-12-08T17:10",
          "2025-12-08T19:50",
          "2025-12-08T22:30",
          "2025-12-08T11:00",
          "2025-12-08T12:40",
          "2025-12-08T13:40",
          "2025-12-08T15:20",
          "2025-12-08T16:20",
          "2025-12-08T18:00",
          "2025-12-08T19:00",
          "2025-12-08T20:40",
          "2025-12-08T21:15",
          "2025-12-08T21:50",
          "2025-12-08T22:45",
          "2025-12-08T23:00"
        ]
      },
      {
        "title": "JUJUTSU KAISEN: Execution (2025)",
        "showtimes": [
          "2025-12-08T11:25",
          "2025-12-08T16:15",
          "2025-12-08T18:45",
          "2025-12-08T13:50",
          "2025-12-08T21:25"
        ]
      },
      {
        "title": "Eternity (2025)",
        "showtimes": [
          "2025-12-08T11:45",
          "2025-12-08T15:40",
          "2025-12-08T18:35",
          "2025-12-08T21:30"
        ]
      },
      {
        "title": "Zootopia 2 (2025)",
        "showtimes": [
          "2025-12-08T12:15",
          "2025-12-08T14:55",
          "2025-12-08T20:45",
          "2025-12-08T12:15",
          "2025-12-08T14:55",
          "2025-12-08T20:45",
          "2025-12-08T17:50",
          "2025-12-08T17:50",
          "2025-12-08T11:00",
          "2025-12-08T13:45",
          "2025-12-08T11:40",
          "2025-12-08T13:00",
          "2025-12-08T14:25",
          "2025-12-08T15:45",
          "2025-12-08T16:30",
          "2025-12-08T17:10",
          "2025-12-08T18:30",
          "2025-12-08T19:15",
          "2025-12-08T19:55",
          "2025-12-08T22:00"
        ]
      },
      {
        "title": "Wicked: For Good (2025)",
        "showtimes": [
          "2025-12-08T11:15",
          "2025-12-08T14:35",
          "2025-12-08T17:45",
          "2025-12-08T21:00",
          "2025-12-08T11:50",
          "2025-12-08T14:00",
          "2025-12-08T14:35",
          "2025-12-08T17:15",
          "2025-12-08T17:45",
          "2025-12-08T20:30",
          "2025-12-08T21:00"
        ]
      },
      {
        "title": "Now You See Me: Now You Don't (2025)",
        "showtimes": [
          "2025-12-08T11:10",
          "2025-12-08T14:05",
          "2025-12-08T16:50",
          "2025-12-08T19:40",
          "2025-12-08T22:35"
        ]
      },
      {
        "title": "The Running Man (2025)",
        "showtimes": [
          "2025-12-08T12:20",
          "2025-12-08T15:30",
          "2025-12-08T18:40",
          "2025-12-08T21:55"
        ]
      },
      {
        "title": "Predator: Badlands (2025)",
        "showtimes": [
          "2025-12-08T11:15",
          "2025-12-08T11:55",
          "2025-12-08T14:40",
          "2025-12-08T17:25",
          "2025-12-08T20:10"
        ]
      },
      {
        "title": "REGAL: Monday Mystery Movie",
        "showtimes": [
          "2025-12-08T19:00"
        ]
      },
      {
        "title": "No Other Choice IMAX Early Access (2025)",
        "showtimes": [
          "2025-12-08T19:00"
        ]
      },
      {
        "title": "100 Nights of Hero (2025)",
        "showtimes": [
          "2025-12-08T11:00"
        ]
      },
      {
        "title": "Dhurandhar (2025)",
        "showtimes": [
          "2025-12-08T21:55",
          "2025-12-08T12:15",
          "2025-12-08T16:50",
          "2025-12-08T21:25"
        ]
      },
      {
        "title": "Fackham Hall (2025)",
        "showtimes": [
          "2025-12-08T11:10",
          "2025-12-08T13:55",
          "2025-12-08T16:40",
          "2025-12-08T19:25",
          "2025-12-08T22:05"
        ]
      },
      {
        "title": "Five Nights at Freddy's 2 (2025)",
        "showtimes": [
          "2025-12-08T11:05",
          "2025-12-08T12:05",
          "2025-12-08T13:50",
          "2025-12-08T15:45",
          "2025-12-08T16:35",
          "2025-12-08T19:20",
          "2025-12-08T22:10",
          "2025-12-08T13:05",
          "2025-12-08T14:40",
          "2025-12-08T17:25",
          "2025-12-08T18:25",
          "2025-12-08T20:05",
          "2025-12-08T21:05",
          "2025-12-08T22:45"
        ]
      },
      {
        "title": "JUJUTSU KAISEN: Execution (2025)",
        "showtimes": [
          "2025-12-08T12:20",
          "2025-12-08T17:20",
          "2025-12-08T22:20",
          "2025-12-08T14:50",
          "2025-12-08T19:50"
        ]
      },
      {
        "title": "Kill Bill: The Whole Bloody Affair",
        "showtimes": [
          "2025-12-08T11:25",
          "2025-12-08T17:10",
          "2025-12-08T20:10"
        ]
      },
      {
        "title": "Merrily We Roll Along (2025)",
        "showtimes": [
          "2025-12-08T19:00"
        ]
      },
      {
        "title": "Eternity (2025)",
        "showtimes": [
          "2025-12-08T12:40",
          "2025-12-08T15:20",
          "2025-12-08T18:05",
          "2025-12-08T20:55"
        ]
      },
      {
        "title": "Hamnet (2025)",
        "showtimes": [
          "2025-12-08T11:20",
          "2025-12-08T14:25",
          "2025-12-08T17:35",
          "2025-12-08T20:40"
        ]
      },
      {
        "title": "Zootopia 2 (2025)",
        "showtimes": [
          "2025-12-08T13:20",
          "2025-12-08T16:20",
          "2025-12-08T14:20",
          "2025-12-08T17:05",
          "2025-12-08T19:45",
          "2025-12-08T22:25",
          "2025-12-08T13:35",
          "2025-12-08T19:30",
          "2025-12-08T12:55",
          "2025-12-08T18:30",
          "2025-12-08T12:10",
          "2025-12-08T14:55",
          "2025-12-08T15:40",
          "2025-12-08T17:40",
          "2025-12-08T21:10"
        ]
      },
      {
        "title": "Rental Family (2025)",
        "showtimes": [
          "2025-12-08T13:15",
          "2025-12-08T16:00",
          "2025-12-08T22:25"
        ]
      },
      {
        "title": "Sisu: Road to Revenge (2025)",
        "showtimes": [
          "2025-12-08T16:10",
          "2025-12-08T21:55"
        ]
      },
      {
        "title": "Wicked: For Good (2025)",
        "showtimes": [
          "2025-12-08T22:15",
          "2025-12-08T11:00",
          "2025-12-08T16:15",
          "2025-12-08T22:30",
          "2025-12-08T11:30",
          "2025-12-08T11:15",
          "2025-12-08T12:00",
          "2025-12-08T15:00",
          "2025-12-08T15:15",
          "2025-12-08T18:45",
          "2025-12-08T21:45",
          "2025-12-08T22:00",
          "2025-12-08T14:30",
          "2025-12-08T18:00",
          "2025-12-08T21:30"
        ]
      },
      {
        "title": "Now You See Me: Now You Don't (2025)",
        "showtimes": [
          "2025-12-08T13:10",
          "2025-12-08T16:05",
          "2025-12-08T18:55",
          "2025-12-08T21:50"
        ]
      },
      {
        "title": "The Running Man (2025)",
        "showtimes": [
          "2025-12-08T13:00",
          "2025-12-08T18:50"
        ]
      },
      {
        "title": "Nuremberg (2025)",
        "showtimes": [
          "2025-12-08T11:35",
          "2025-12-08T15:10",
          "2025-12-08T18:35",
          "2025-12-08T22:20"
        ]
      },
      {
        "title": "Predator: Badlands (2025)",
        "showtimes": [
          "2025-12-08T11:05",
          "2025-12-08T13:45",
          "2025-12-08T16:30",
          "2025-12-08T19:10"
        ]
      },
      {
        "title": "Chainsaw Man - The Movie: Reze Arc (2025)",
        "showtimes": [
          "2025-12-08T13:25",
          "2025-12-08T16:05",
          "2025-12-08T18:40",
          "2025-12-08T21:20"
        ]
      },
      {
        "title": "Black Phone 2 (2025)",
        "showtimes": [
          "2025-12-08T15:25",
          "2025-12-08T21:25",
          "2025-12-08T18:10"
        ]
      },
      {
        "title": "One Battle After Another (2025)",
        "showtimes": [
          "2025-12-08T12:45",
          "2025-12-08T20:20"
        ]
      },
      {
        "title": "Demon Slayer: Kimetsu no Yaiba Infinity Castle (2025)",
        "showtimes": [
          "2025-12-08T16:25",
          "2025-12-08T22:40"
        ]
      },
      {
        "title": "Sentimental Value (2025)",
        "showtimes": [
          "2025-12-08T11:50"
        ]
      },
      {
        "title": "Fackham Hall (2025)",
        "showtimes": [
          "2025-12-08T11:35",
          "2025-12-08T14:05",
          "2025-12-08T16:35",
          "2025-12-08T19:05",
          "2025-12-08T21:35"
        ]
      },
      {
        "title": "Five Nights at Freddy's 2 (2025)",
        "showtimes": [
          "2025-12-08T11:25",
          "2025-12-08T12:50",
          "2025-12-08T14:00",
          "2025-12-08T15:25",
          "2025-12-08T16:35",
          "2025-12-08T18:10",
          "2025-12-08T19:10",
          "2025-12-08T20:45",
          "2025-12-08T21:45"
        ]
      },
      {
        "title": "Kill Bill: The Whole Bloody Affair",
        "showtimes": [
          "2025-12-08T13:55",
          "2025-12-08T19:20"
        ]
      },
      {
        "title": "Eternity (2025)",
        "showtimes": [
          "2025-12-08T11:05",
          "2025-12-08T13:50",
          "2025-12-08T16:35",
          "2025-12-08T19:20",
          "2025-12-08T22:05"
        ]
      },
      {
        "title": "Zootopia 2 (2025)",
        "showtimes": [
          "2025-12-08T11:00",
          "2025-12-08T13:40",
          "2025-12-08T16:20",
          "2025-12-08T12:00",
          "2025-12-08T13:00",
          "2025-12-08T14:40",
          "2025-12-08T15:40",
          "2025-12-08T17:20",
          "2025-12-08T18:20",
          "2025-12-08T19:00",
          "2025-12-08T20:00",
          "2025-12-08T21:00",
          "2025-12-08T21:40"
        ]
      },
      {
        "title": "Rental Family (2025)",
        "showtimes": [
          "2025-12-08T11:20",
          "2025-12-08T14:00",
          "2025-12-08T16:40",
          "2025-12-08T19:20"
        ]
      },
      {
        "title": "Sisu: Road to Revenge (2025)",
        "showtimes": [
          "2025-12-08T11:15",
          "2025-12-08T16:40",
          "2025-12-08T22:05"
        ]
      },
      {
        "title": "Wicked: For Good (2025)",
        "showtimes": [
          "2025-12-08T19:10",
          "2025-12-08T22:20",
          "2025-12-08T11:00",
          "2025-12-08T11:55",
          "2025-12-08T14:25",
          "2025-12-08T15:25",
          "2025-12-08T18:10",
          "2025-12-08T21:20"
        ]
      },
      {
        "title": "Keeper (2025)",
        "showtimes": [
          "2025-12-08T11:25",
          "2025-12-08T21:50"
        ]
      },
      {
        "title": "Now You See Me: Now You Don't (2025)",
        "showtimes": [
          "2025-12-08T11:10",
          "2025-12-08T13:55",
          "2025-12-08T16:40",
          "2025-12-08T19:25",
          "2025-12-08T22:10"
        ]
      },
      {
        "title": "The Running Man (2025)",
        "showtimes": [
          "2025-12-08T13:35",
          "2025-12-08T19:00"
        ]
      },
      {
        "title": "Predator: Badlands (2025)",
        "showtimes": [
          "2025-12-08T11:10",
          "2025-12-08T13:50",
          "2025-12-08T16:30",
          "2025-12-08T19:10",
          "2025-12-08T21:50"
        ]
      },
      {
        "title": "Sarah's Oil (2025)",
        "showtimes": [
          "2025-12-08T11:50",
          "2025-12-08T14:25",
          "2025-12-08T17:00",
          "2025-12-08T19:35",
          "2025-12-08T22:10"
        ]
      },
      {
        "title": "Regretting You (2025)",
        "showtimes": [
          "2025-12-08T14:00",
          "2025-12-08T19:30"
        ]
      },
      {
        "title": "Black Phone 2 (2025)",
        "showtimes": [
          "2025-12-08T11:15",
          "2025-12-08T16:45",
          "2025-12-08T22:15"
        ]
      },
      {
        "title": "Five Nights at Freddy's 2 (2025)",
        "showtimes": [
          "2025-12-08T11:25",
          "2025-12-08T14:00",
          "2025-12-08T16:35",
          "2025-12-08T19:10"
        ]
      },
      {
        "title": "Zootopia 2 (2025)",
        "showtimes": [
          "2025-12-08T11:00",
          "2025-12-08T13:40",
          "2025-12-08T16:20",
          "2025-12-08T19:00"
        ]
      },
      {
        "title": "Wicked: For Good (2025)",
        "showtimes": [
          "2025-12-08T11:55",
          "2025-12-08T15:25",
          "2025-12-08T19:05"
        ]
      },
      {
        "title": "Fackham Hall (2025)",
        "showtimes": [
          "2025-12-08T15:40",
          "2025-12-08T18:05"
        ]
      },
      {
        "title": "Five Nights at Freddy's 2 (2025)",
        "showtimes": [
          "2025-12-08T16:30",
          "2025-12-08T19:00",
          "2025-12-08T21:40",
          "2025-12-08T12:30",
          "2025-12-08T13:30",
          "2025-12-08T15:20",
          "2025-12-08T16:00",
          "2025-12-08T17:00",
          "2025-12-08T18:00",
          "2025-12-08T19:30",
          "2025-12-08T20:40",
          "2025-12-08T22:00"
        ]
      },
      {
        "title": "JUJUTSU KAISEN: Execution (2025)",
        "showtimes": [
          "2025-12-08T12:00",
          "2025-12-08T16:20",
          "2025-12-08T20:40",
          "2025-12-08T14:10",
          "2025-12-08T18:30"
        ]
      },
      {
        "title": "Kill Bill: The Whole Bloody Affair",
        "showtimes": [
          "2025-12-08T12:40",
          "2025-12-08T18:15"
        ]
      },
      {
        "title": "Eternity (2025)",
        "showtimes": [
          "2025-12-08T14:20",
          "2025-12-08T14:35",
          "2025-12-08T18:00",
          "2025-12-08T22:10"
        ]
      },
      {
        "title": "Hamnet (2025)",
        "showtimes": [
          "2025-12-08T12:55",
          "2025-12-08T15:40",
          "2025-12-08T18:30",
          "2025-12-08T21:15"
        ]
      },
      {
        "title": "Zootopia 2 (2025)",
        "showtimes": [
          "2025-12-08T12:15",
          "2025-12-08T12:40",
          "2025-12-08T13:30",
          "2025-12-08T15:00",
          "2025-12-08T15:30",
          "2025-12-08T16:00",
          "2025-12-08T17:30",
          "2025-12-08T18:15",
          "2025-12-08T18:45",
          "2025-12-08T20:00",
          "2025-12-08T21:15"
        ]
      },
      {
        "title": "Rental Family (2025)",
        "showtimes": [
          "2025-12-08T12:20",
          "2025-12-08T20:35"
        ]
      },
      {
        "title": "Wicked: For Good (2025)",
        "showtimes": [
          "2025-12-08T13:30",
          "2025-12-08T12:20",
          "2025-12-08T15:20",
          "2025-12-08T15:40",
          "2025-12-08T18:20",
          "2025-12-08T18:55",
          "2025-12-08T21:00",
          "2025-12-08T22:00"
        ]
      },
      {
        "title": "Now You See Me: Now You Don't (2025)",
        "showtimes": [
          "2025-12-08T12:30",
          "2025-12-08T15:15",
          "2025-12-08T19:35",
          "2025-12-08T21:55"
        ]
      },
      {
        "title": "The Running Man (2025)",
        "showtimes": [
          "2025-12-08T12:25",
          "2025-12-08T15:20",
          "2025-12-08T18:20",
          "2025-12-08T21:15"
        ]
      },
      {
        "title": "Predator: Badlands (2025)",
        "showtimes": [
          "2025-12-08T12:05",
          "2025-12-08T13:10",
          "2025-12-08T17:10",
          "2025-12-08T20:25",
          "2025-12-08T21:50"
        ]
      },
      {
        "title": "Spirited Away - Studio Ghibli Fest 2025",
        "showtimes": [
          "2025-12-08T19:00"
        ]
      },
      {
        "title": "Five Nights at Freddy's 2 (2025)",
        "showtimes": [
          "2025-12-08T12:00",
          "2025-12-08T14:30",
          "2025-12-08T15:45",
          "2025-12-08T17:00",
          "2025-12-08T18:15",
          "2025-12-08T19:30",
          "2025-12-08T13:00"
        ]
      },
      {
        "title": "Eternity (2025)",
        "showtimes": [
          "2025-12-08T14:00",
          "2025-12-08T16:40",
          "2025-12-08T19:20"
        ]
      },
      {
        "title": "Zootopia 2 (2025)",
        "showtimes": [
          "2025-12-08T12:20",
          "2025-12-08T13:40",
          "2025-12-08T16:20",
          "2025-12-08T17:40",
          "2025-12-08T19:00",
          "2025-12-08T15:00"
        ]
      },
      {
        "title": "Rental Family (2025)",
        "showtimes": [
          "2025-12-08T14:05",
          "2025-12-08T16:55",
          "2025-12-08T19:40"
        ]
      },
      {
        "title": "Wicked: For Good (2025)",
        "showtimes": [
          "2025-12-08T12:10",
          "2025-12-08T15:35",
          "2025-12-08T18:45"
        ]
      },
      {
        "title": "Now You See Me: Now You Don't (2025)",
        "showtimes": [
          "2025-12-08T13:50",
          "2025-12-08T16:30",
          "2025-12-08T19:10"
        ]
      },
      {
        "title": "Predator: Badlands (2025)",
        "showtimes": [
          "2025-12-08T14:10",
          "2025-12-08T16:50",
          "2025-12-08T19:45"
        ]
      },
      {
        "title": "Chainsaw Man - The Movie: Reze Arc (2025)",
        "showtimes": [
          "2025-12-08T14:20",
          "2025-12-08T19:50",
          "2025-12-08T17:05"
        ]
      },
      {
        "title": "REGAL: Monday Mystery Movie",
        "showtimes": [
          "2025-12-08T19:00"
        ]
      },
      {
        "title": "Five Nights at Freddy's 2 (2025)",
        "showtimes": [
          "2025-12-08T12:30",
          "2025-12-08T15:15",
          "2025-12-08T18:00",
          "2025-12-08T20:45",
          "2025-12-08T13:30",
          "2025-12-08T16:15",
          "2025-12-08T19:00",
          "2025-12-08T21:50"
        ]
      },
      {
        "title": "JUJUTSU KAISEN: Execution (2025)",
        "showtimes": [
          "2025-12-08T12:05",
          "2025-12-08T17:00",
          "2025-12-08T21:55",
          "2025-12-08T14:35",
          "2025-12-08T19:30"
        ]
      },
      {
        "title": "Merrily We Roll Along (2025)",
        "showtimes": [
          "2025-12-08T15:00",
          "2025-12-08T19:00"
        ]
      },
      {
        "title": "Eternity (2025)",
        "showtimes": [
          "2025-12-08T12:15"
        ]
      },
      {
        "title": "Zootopia 2 (2025)",
        "showtimes": [
          "2025-12-08T13:10",
          "2025-12-08T12:10",
          "2025-12-08T15:00",
          "2025-12-08T16:00",
          "2025-12-08T17:50",
          "2025-12-08T18:50",
          "2025-12-08T20:40",
          "2025-12-08T21:40"
        ]
      },
      {
        "title": "Wicked: For Good (2025)",
        "showtimes": [
          "2025-12-08T12:20",
          "2025-12-08T15:40",
          "2025-12-08T18:40",
          "2025-12-08T21:45"
        ]
      },
      {
        "title": "Now You See Me: Now You Don't (2025)",
        "showtimes": [
          "2025-12-08T12:50",
          "2025-12-08T15:45",
          "2025-12-08T18:45",
          "2025-12-08T21:45"
        ]
      },
      {
        "title": "Predator: Badlands (2025)",
        "showtimes": [
          "2025-12-08T13:00",
          "2025-12-08T15:50",
          "2025-12-08T21:55"
        ]
      },
      {
        "title": "Dhurandhar (2025)",
        "showtimes": [
          "2025-12-08T21:40"
        ]
      },
      {
        "title": "Fackham Hall (2025)",
        "showtimes": [
          "2025-12-08T09:45",
          "2025-12-08T12:15",
          "2025-12-08T14:45",
          "2025-12-08T17:15",
          "2025-12-08T19:45",
          "2025-12-08T23:00"
        ]
      },
      {
        "title": "Five Nights at Freddy's 2 (2025)",
        "showtimes": [
          "2025-12-08T10:00",
          "2025-12-08T12:35",
          "2025-12-08T15:15",
          "2025-12-08T17:55",
          "2025-12-08T20:30",
          "2025-12-08T23:05",
          "2025-12-08T10:25",
          "2025-12-08T11:05",
          "2025-12-08T12:05",
          "2025-12-08T13:05",
          "2025-12-08T13:45",
          "2025-12-08T14:45",
          "2025-12-08T15:45",
          "2025-12-08T16:25",
          "2025-12-08T17:25",
          "2025-12-08T18:25",
          "2025-12-08T19:05",
          "2025-12-08T20:05",
          "2025-12-08T21:05",
          "2025-12-08T21:45",
          "2025-12-08T22:45"
        ]
      },
      {
        "title": "JUJUTSU KAISEN: Execution (2025)",
        "showtimes": [
          "2025-12-08T09:45",
          "2025-12-08T11:20",
          "2025-12-08T16:00",
          "2025-12-08T20:40",
          "2025-12-08T09:50",
          "2025-12-08T13:40",
          "2025-12-08T18:20",
          "2025-12-08T23:00"
        ]
      },
      {
        "title": "Kill Bill: The Whole Bloody Affair",
        "showtimes": [
          "2025-12-08T18:00"
        ]
      },
      {
        "title": "Merrily We Roll Along (2025)",
        "showtimes": [
          "2025-12-08T19:00"
        ]
      },
      {
        "title": "Eternity (2025)",
        "showtimes": [
          "2025-12-08T09:45",
          "2025-12-08T12:45",
          "2025-12-08T16:35",
          "2025-12-08T20:15",
          "2025-12-08T22:50"
        ]
      },
      {
        "title": "Hamnet (2025)",
        "showtimes": [
          "2025-12-08T10:55",
          "2025-12-08T13:35",
          "2025-12-08T16:50",
          "2025-12-08T19:20",
          "2025-12-08T22:05"
        ]
      },
      {
        "title": "Zootopia 2 (2025)",
        "showtimes": [
          "2025-12-08T11:30",
          "2025-12-08T14:05",
          "2025-12-08T16:45",
          "2025-12-08T19:25",
          "2025-12-08T11:30",
          "2025-12-08T14:05",
          "2025-12-08T16:45",
          "2025-12-08T19:25",
          "2025-12-08T11:55",
          "2025-12-08T17:15",
          "2025-12-08T19:55",
          "2025-12-08T22:35",
          "2025-12-08T09:45",
          "2025-12-08T10:45",
          "2025-12-08T12:25",
          "2025-12-08T13:25",
          "2025-12-08T13:55",
          "2025-12-08T14:35",
          "2025-12-08T15:05",
          "2025-12-08T15:20",
          "2025-12-08T16:10",
          "2025-12-08T17:45",
          "2025-12-08T19:00",
          "2025-12-08T20:25",
          "2025-12-08T21:20",
          "2025-12-08T23:05"
        ]
      },
      {
        "title": "Rental Family (2025)",
        "showtimes": [
          "2025-12-08T10:10",
          "2025-12-08T13:30",
          "2025-12-08T16:15",
          "2025-12-08T21:50"
        ]
      },
      {
        "title": "Wicked: For Good (2025)",
        "showtimes": [
          "2025-12-08T22:10",
          "2025-12-08T22:10",
          "2025-12-08T12:25",
          "2025-12-08T15:35",
          "2025-12-08T18:45",
          "2025-12-08T21:55",
          "2025-12-08T10:00",
          "2025-12-08T10:40",
          "2025-12-08T12:25",
          "2025-12-08T13:10",
          "2025-12-08T13:50",
          "2025-12-08T15:35",
          "2025-12-08T16:20",
          "2025-12-08T17:00",
          "2025-12-08T18:45",
          "2025-12-08T19:30",
          "2025-12-08T19:45",
          "2025-12-08T21:55"
        ]
      },
      {
        "title": "Now You See Me: Now You Don't (2025)",
        "showtimes": [
          "2025-12-08T10:15",
          "2025-12-08T12:30",
          "2025-12-08T14:50",
          "2025-12-08T17:30",
          "2025-12-08T20:10",
          "2025-12-08T22:55"
        ]
      },
      {
        "title": "The Running Man (2025)",
        "showtimes": [
          "2025-12-08T10:25",
          "2025-12-08T13:00",
          "2025-12-08T16:05",
          "2025-12-08T18:15",
          "2025-12-08T22:40"
        ]
      },
      {
        "title": "Predator: Badlands (2025)",
        "showtimes": [
          "2025-12-08T09:45",
          "2025-12-08T12:10",
          "2025-12-08T15:30",
          "2025-12-08T19:10",
          "2025-12-08T22:20"
        ]
      },
      {
        "title": "Hijacked (2025)",
        "showtimes": [
          "2025-12-08T22:15"
        ]
      },
      {
        "title": "Sentimental Value (2025)",
        "showtimes": [
          "2025-12-08T10:35"
        ]
      },
      {
        "title": "Five Nights at Freddy's 2 (2025)",
        "showtimes": [
          "2025-12-08T11:00",
          "2025-12-08T13:35",
          "2025-12-08T16:10",
          "2025-12-08T18:45",
          "2025-12-08T21:20",
          "2025-12-08T11:30",
          "2025-12-08T12:00",
          "2025-12-08T14:05",
          "2025-12-08T14:35",
          "2025-12-08T16:40",
          "2025-12-08T17:10",
          "2025-12-08T19:15",
          "2025-12-08T19:45",
          "2025-12-08T21:50",
          "2025-12-08T22:20"
        ]
      },
      {
        "title": "JUJUTSU KAISEN: Execution (2025)",
        "showtimes": [
          "2025-12-08T11:40",
          "2025-12-08T14:00",
          "2025-12-08T16:20",
          "2025-12-08T18:50",
          "2025-12-08T21:15",
          "2025-12-08T12:40",
          "2025-12-08T15:00",
          "2025-12-08T17:25",
          "2025-12-08T19:50",
          "2025-12-08T22:25"
        ]
      },
      {
        "title": "Kill Bill: The Whole Bloody Affair",
        "showtimes": [
          "2025-12-08T12:30",
          "2025-12-08T18:15"
        ]
      },
      {
        "title": "Eternity (2025)",
        "showtimes": [
          "2025-12-08T11:05",
          "2025-12-08T13:50",
          "2025-12-08T16:25",
          "2025-12-08T19:20",
          "2025-12-08T22:00"
        ]
      },
      {
        "title": "Wake Up Dead Man: A Knives Out Mystery (2025)",
        "showtimes": [
          "2025-12-08T11:45",
          "2025-12-08T12:25",
          "2025-12-08T15:05",
          "2025-12-08T15:45",
          "2025-12-08T18:20",
          "2025-12-08T19:00",
          "2025-12-08T21:35",
          "2025-12-08T22:15"
        ]
      },
      {
        "title": "Zootopia 2 (2025)",
        "showtimes": [
          "2025-12-08T11:20",
          "2025-12-08T11:50",
          "2025-12-08T12:50",
          "2025-12-08T13:55",
          "2025-12-08T14:25",
          "2025-12-08T15:30",
          "2025-12-08T16:30",
          "2025-12-08T17:00",
          "2025-12-08T18:35",
          "2025-12-08T19:05",
          "2025-12-08T19:35",
          "2025-12-08T21:10",
          "2025-12-08T21:40",
          "2025-12-08T22:10"
        ]
      },
      {
        "title": "Wicked: For Good (2025)",
        "showtimes": [
          "2025-12-08T11:00",
          "2025-12-08T12:15",
          "2025-12-08T14:15",
          "2025-12-08T15:50",
          "2025-12-08T17:20",
          "2025-12-08T19:10",
          "2025-12-08T20:30",
          "2025-12-08T22:15"
        ]
      },
      {
        "title": "Now You See Me: Now You Don't (2025)",
        "showtimes": [
          "2025-12-08T11:15",
          "2025-12-08T14:10",
          "2025-12-08T16:50",
          "2025-12-08T19:30",
          "2025-12-08T22:10"
        ]
      },
      {
        "title": "Predator: Badlands (2025)",
        "showtimes": [
          "2025-12-08T11:10",
          "2025-12-08T13:40",
          "2025-12-08T16:35",
          "2025-12-08T19:25",
          "2025-12-08T22:05"
        ]
      },
      {
        "title": "Demon Slayer: Kimetsu no Yaiba Infinity Castle (2025)",
        "showtimes": [
          "2025-12-08T11:25",
          "2025-12-08T18:05",
          "2025-12-08T14:45",
          "2025-12-08T21:25"
        ]
      }
    ]
  }
]